city,zone,season,disruption_freq,infrastructure,is_rural,activity_tier,poverty_score,premium
Pune,low,spring,8,average,False,low,0.81,20
Hyderabad,low,winter,4,average,False,low,0.37,20
Nagpur,medium,summer,8,poor,True,low,0.31,37
Delhi,medium,spring,9,good,False,medium,0.45,24
Hyderabad,low,summer,6,average,False,medium,0.67,20
Patna,critical,summer,12,poor,True,low,0.58,65
Mumbai,critical,spring,12,average,False,high,0.33,50
Mumbai,critical,winter,13,average,False,high,0.35,46
Bengaluru,medium,summer,7,good,False,medium,0.87,28
Patna,critical,monsoon,14,poor,True,medium,0.78,65
Pune,low,spring,8,average,False,low,0.42,20
Chennai,high,spring,8,average,False,medium,0.6,36
Kolkata,high,monsoon,11,poor,False,medium,0.32,50
Delhi,medium,monsoon,9,good,False,medium,0.58,32
Bengaluru,medium,monsoon,7,good,False,high,0.97,37
Hyderabad,low,spring,7,average,False,medium,0.68,20
Nagpur,medium,monsoon,5,poor,True,high,0.4,55
Chennai,high,summer,7,average,False,high,0.44,43
Nagpur,medium,winter,7,poor,True,low,0.79,32
Mumbai,critical,winter,9,average,False,low,0.35,35
Pune,low,monsoon,4,average,False,low,0.9,22
Delhi,medium,summer,10,good,False,low,0.71,25
Kolkata,high,winter,10,poor,False,high,0.57,44
Mumbai,critical,summer,13,average,False,medium,0.47,50
Pune,low,winter,4,average,False,low,0.6,20
Bhubaneswar,high,spring,12,poor,True,low,0.32,46
Pune,low,summer,7,average,False,high,0.66,22
Hyderabad,low,winter,7,average,False,low,0.83,20
Bengaluru,medium,summer,6,good,False,low,0.41,23
Delhi,medium,monsoon,10,good,False,medium,0.74,33
Kolkata,high,spring,11,poor,False,medium,0.92,46
Bhubaneswar,high,winter,11,poor,True,high,0.52,53
Chennai,high,summer,7,average,False,low,0.6,35
Bengaluru,medium,summer,4,good,False,low,0.3,21
Nagpur,medium,winter,5,poor,True,medium,0.46,34
Mumbai,critical,monsoon,12,average,False,low,0.42,50
Nagpur,medium,summer,8,poor,True,high,0.35,47
Bhubaneswar,high,spring,11,poor,True,medium,0.79,54
Mumbai,critical,summer,13,average,False,high,1.0,50
Chennai,high,monsoon,8,average,False,medium,0.32,46
Chennai,high,summer,9,average,False,medium,0.4,39
Bhubaneswar,high,spring,11,poor,True,low,0.83,49
Chennai,high,winter,11,average,False,medium,0.74,34
Chennai,high,summer,10,average,False,low,0.43,35
Mumbai,critical,spring,12,average,False,low,0.45,41
Bhubaneswar,high,winter,10,poor,True,low,0.42,42
Chennai,high,spring,8,average,False,high,0.77,41
Patna,critical,summer,11,poor,True,low,0.68,65
Bhubaneswar,high,winter,11,poor,True,medium,0.99,50
Bengaluru,medium,spring,4,good,False,medium,1.0,26
Hyderabad,low,summer,5,average,False,low,0.54,20
Mumbai,critical,winter,11,average,False,medium,0.85,43
Nagpur,medium,spring,7,poor,True,high,0.41,42
Kolkata,high,spring,11,poor,False,medium,0.31,43
Patna,critical,winter,10,poor,True,high,0.5,65
Delhi,medium,monsoon,8,good,False,high,0.46,35
Chennai,high,spring,7,average,False,medium,0.53,36
Bengaluru,medium,spring,6,good,False,high,0.52,26
Mumbai,critical,monsoon,13,average,False,low,0.92,50
Delhi,medium,summer,6,good,False,low,0.64,24
Hyderabad,low,spring,7,average,False,low,0.7,20
Chennai,high,spring,7,average,False,medium,0.97,38
Hyderabad,low,monsoon,5,average,False,high,0.97,27
Chennai,high,monsoon,11,average,False,low,0.97,45
Chennai,high,spring,11,average,False,high,0.43,40
Chennai,high,spring,9,average,False,medium,0.69,37
Kolkata,high,monsoon,10,poor,False,medium,0.37,50
Kolkata,high,winter,9,poor,False,low,0.66,36
Delhi,medium,monsoon,6,good,False,high,0.4,34
Kolkata,high,spring,12,poor,False,medium,0.87,46
Mumbai,critical,monsoon,9,average,False,high,0.36,50
Pune,low,summer,7,average,False,high,0.44,21
Nagpur,medium,spring,8,poor,True,low,0.54,35
Delhi,medium,monsoon,8,good,False,high,0.41,35
Kolkata,high,monsoon,9,poor,False,medium,0.48,50
Bhubaneswar,high,monsoon,10,poor,True,high,0.67,65
Hyderabad,low,spring,6,average,False,high,0.62,20
Kolkata,high,summer,11,poor,False,medium,0.68,49
Pune,low,spring,7,average,False,high,0.98,22
Bhubaneswar,high,monsoon,10,poor,True,high,0.58,65
Mumbai,critical,spring,10,average,False,low,0.48,40
Bhubaneswar,high,summer,8,poor,True,high,0.34,62
Bhubaneswar,high,summer,9,poor,True,medium,0.37,57
Patna,critical,spring,14,poor,True,high,0.75,65
Pune,low,spring,8,average,False,medium,0.81,20
Mumbai,critical,spring,10,average,False,low,0.83,42
Patna,critical,summer,13,poor,True,high,0.37,65
Bengaluru,medium,summer,7,good,False,medium,0.83,28
Hyderabad,low,winter,6,average,False,high,0.63,20
Hyderabad,low,winter,4,average,False,medium,0.96,20
Bengaluru,medium,monsoon,7,good,False,low,0.31,27
Mumbai,critical,monsoon,9,average,False,high,0.78,50
Nagpur,medium,spring,6,poor,True,high,0.91,45
Bengaluru,medium,spring,7,good,False,medium,0.7,25
Chennai,high,summer,11,average,False,low,0.87,38
Mumbai,critical,summer,9,average,False,medium,0.44,49
Delhi,medium,summer,8,good,False,medium,0.78,28
Chennai,high,monsoon,11,average,False,medium,0.78,49
Delhi,medium,winter,6,good,False,low,0.38,20
Hyderabad,low,monsoon,7,average,False,low,0.91,22
Bengaluru,medium,summer,8,good,False,high,0.5,30
Bhubaneswar,high,summer,8,poor,True,low,0.99,53
Bengaluru,medium,monsoon,4,good,False,low,0.71,28
Pune,low,monsoon,8,average,False,high,0.78,27
Pune,low,summer,6,average,False,high,0.56,22
Chennai,high,monsoon,10,average,False,high,0.52,50
Mumbai,critical,summer,12,average,False,high,0.93,50
Patna,critical,winter,13,poor,True,medium,0.77,61
Bengaluru,medium,winter,5,good,False,low,0.36,20
Hyderabad,low,winter,6,average,False,high,0.69,20
Hyderabad,low,spring,7,average,False,low,0.85,20
Pune,low,summer,8,average,False,medium,0.98,22
Bhubaneswar,high,summer,10,poor,True,low,0.68,52
Delhi,medium,winter,9,good,False,high,0.83,26
Chennai,high,summer,11,average,False,medium,0.58,41
Bhubaneswar,high,monsoon,12,poor,True,high,0.36,65
Mumbai,critical,spring,13,average,False,high,0.92,50
Chennai,high,winter,7,average,False,high,0.83,37
Kolkata,high,spring,10,poor,False,high,0.56,49
Pune,low,winter,5,average,False,medium,0.53,20
Mumbai,critical,summer,13,average,False,medium,0.63,50
Bhubaneswar,high,spring,11,poor,True,high,0.88,60
Pune,low,summer,6,average,False,high,0.47,21
Patna,critical,winter,13,poor,True,high,0.36,65
Chennai,high,monsoon,11,average,False,medium,0.86,49
Hyderabad,low,spring,7,average,False,low,0.94,20
Bengaluru,medium,winter,6,good,False,high,0.67,24
Patna,critical,summer,10,poor,True,high,0.79,65
Mumbai,critical,spring,9,average,False,low,0.5,40
Nagpur,medium,monsoon,8,poor,True,high,0.49,56
Bengaluru,medium,monsoon,5,good,False,medium,0.49,31
Hyderabad,low,summer,6,average,False,low,0.79,20
Chennai,high,summer,7,average,False,high,0.87,45
Mumbai,critical,summer,10,average,False,low,0.81,46
Patna,critical,monsoon,11,poor,True,medium,0.91,65
Hyderabad,low,winter,3,average,False,medium,0.87,20
Chennai,high,winter,11,average,False,medium,0.57,34
Kolkata,high,winter,10,poor,False,high,0.89,46
Delhi,medium,summer,8,good,False,low,0.49,24
Pune,low,monsoon,7,average,False,high,0.67,26
Hyderabad,low,monsoon,5,average,False,high,0.71,26
Hyderabad,low,summer,4,average,False,medium,0.56,20
Hyderabad,low,monsoon,3,average,False,medium,0.48,22
Bengaluru,medium,monsoon,4,good,False,high,0.83,35
Delhi,medium,spring,7,good,False,medium,0.66,25
Kolkata,high,winter,10,poor,False,medium,0.9,41
Kolkata,high,spring,12,poor,False,medium,0.91,46
Patna,critical,summer,14,poor,True,high,0.75,65
Mumbai,critical,winter,12,average,False,medium,0.55,42
Delhi,medium,monsoon,8,good,False,low,0.93,30
Bengaluru,medium,summer,4,good,False,low,0.58,23
Pune,low,monsoon,6,average,False,high,0.96,28
Bengaluru,medium,monsoon,4,good,False,medium,0.84,32
Bengaluru,medium,spring,8,good,False,medium,0.73,25
Delhi,medium,summer,8,good,False,low,0.47,24
Mumbai,critical,winter,9,average,False,low,0.39,36
Kolkata,high,spring,11,poor,False,high,0.93,50
Mumbai,critical,winter,13,average,False,medium,0.72,43
Mumbai,critical,winter,13,average,False,high,0.54,47
Bhubaneswar,high,summer,12,poor,True,medium,0.38,58
Patna,critical,spring,11,poor,True,medium,0.55,65
Bhubaneswar,high,summer,10,poor,True,high,0.36,63
Patna,critical,monsoon,12,poor,True,low,0.56,65
Chennai,high,monsoon,10,average,False,high,0.36,50
Mumbai,critical,summer,12,average,False,low,0.68,46
Nagpur,medium,monsoon,6,poor,True,low,0.67,45
Delhi,medium,summer,7,good,False,medium,0.4,26
Mumbai,critical,winter,11,average,False,low,0.89,39
Delhi,medium,monsoon,8,good,False,low,0.47,28
Patna,critical,winter,14,poor,True,medium,0.69,61
Chennai,high,winter,8,average,False,medium,0.38,32
Chennai,high,summer,10,average,False,high,0.78,46
Mumbai,critical,summer,13,average,False,medium,0.36,50
Kolkata,high,monsoon,8,poor,False,low,0.57,50
Hyderabad,low,monsoon,6,average,False,medium,0.73,24
Nagpur,medium,winter,9,poor,True,medium,0.72,36
Chennai,high,summer,11,average,False,medium,0.56,41
Bengaluru,medium,monsoon,6,good,False,medium,0.5,31
Nagpur,medium,winter,5,poor,True,low,0.34,29
Nagpur,medium,summer,8,poor,True,low,0.93,40
Bengaluru,medium,spring,6,good,False,low,0.87,23
Chennai,high,monsoon,9,average,False,medium,0.95,49
Nagpur,medium,monsoon,7,poor,True,high,0.84,57
Kolkata,high,monsoon,11,poor,False,low,0.44,50
Bengaluru,medium,summer,7,good,False,low,0.8,25
Kolkata,high,summer,10,poor,False,low,0.64,43
Mumbai,critical,summer,10,average,False,medium,0.68,50
Bhubaneswar,high,spring,9,poor,True,high,0.78,59
Bengaluru,medium,summer,8,good,False,high,0.83,31
Nagpur,medium,monsoon,7,poor,True,medium,0.37,49
Hyderabad,low,monsoon,6,average,False,medium,0.39,22
Nagpur,medium,winter,5,poor,True,medium,0.43,34
Mumbai,critical,summer,12,average,False,high,0.4,50
Patna,critical,summer,13,poor,True,medium,0.88,65
Hyderabad,low,summer,5,average,False,low,0.74,20
Bengaluru,medium,summer,8,good,False,medium,0.57,27
Nagpur,medium,spring,7,poor,True,high,0.51,43
Pune,low,winter,4,average,False,high,0.55,20
Pune,low,monsoon,8,average,False,low,0.68,22
Kolkata,high,monsoon,10,poor,False,low,0.81,50
Bhubaneswar,high,spring,11,poor,True,low,0.92,49
Chennai,high,spring,9,average,False,high,0.41,40
Chennai,high,summer,11,average,False,low,0.82,38
Bengaluru,medium,monsoon,5,good,False,medium,0.65,31
Bhubaneswar,high,summer,12,poor,True,low,0.57,52
Nagpur,medium,spring,9,poor,True,high,0.64,44
Bengaluru,medium,spring,8,good,False,medium,0.31,23
Mumbai,critical,winter,12,average,False,medium,0.48,42
Hyderabad,low,spring,5,average,False,medium,0.94,20
Kolkata,high,monsoon,9,poor,False,medium,0.73,50
Bhubaneswar,high,summer,9,poor,True,high,0.48,63
Nagpur,medium,spring,7,poor,True,high,0.95,45
Nagpur,medium,winter,6,poor,True,high,0.7,39
Bhubaneswar,high,summer,10,poor,True,high,0.37,63
Patna,critical,monsoon,12,poor,True,low,0.39,65
Hyderabad,low,summer,4,average,False,medium,0.43,20
Pune,low,summer,4,average,False,low,0.52,20
Mumbai,critical,spring,13,average,False,low,0.34,41
Patna,critical,monsoon,13,poor,True,high,0.3,65
Patna,critical,winter,13,poor,True,high,0.9,65
Kolkata,high,monsoon,9,poor,False,low,0.82,50
Chennai,high,spring,9,average,False,low,0.62,33
Mumbai,critical,monsoon,9,average,False,low,0.42,50
Hyderabad,low,spring,3,average,False,high,0.85,20
Kolkata,high,monsoon,11,poor,False,medium,0.76,50
Pune,low,summer,7,average,False,high,0.4,21
Kolkata,high,monsoon,11,poor,False,low,1.0,50
Chennai,high,winter,7,average,False,high,0.58,36
Mumbai,critical,winter,11,average,False,medium,0.44,41
Chennai,high,summer,11,average,False,medium,0.89,42
Mumbai,critical,monsoon,9,average,False,medium,0.8,50
Delhi,medium,monsoon,9,good,False,high,0.58,36
Kolkata,high,winter,11,poor,False,high,0.53,44
Pune,low,winter,6,average,False,medium,0.49,20
Delhi,medium,spring,6,good,False,low,0.99,23
Delhi,medium,winter,10,good,False,high,0.69,26
Mumbai,critical,spring,11,average,False,low,0.31,40
Kolkata,high,summer,12,poor,False,low,0.92,45
Nagpur,medium,monsoon,7,poor,True,medium,0.72,51
Bengaluru,medium,spring,8,good,False,medium,0.44,24
Pune,low,spring,5,average,False,low,0.74,20
Chennai,high,winter,11,average,False,low,0.39,29
Mumbai,critical,spring,13,average,False,medium,0.92,48
Hyderabad,low,spring,5,average,False,medium,0.88,20
Mumbai,critical,winter,12,average,False,high,0.54,46
Patna,critical,monsoon,14,poor,True,low,0.96,65
Kolkata,high,spring,8,poor,False,medium,0.7,44
Pune,low,spring,4,average,False,medium,0.32,20
Patna,critical,spring,11,poor,True,high,0.58,65
Patna,critical,monsoon,12,poor,True,medium,0.99,65
Bhubaneswar,high,summer,12,poor,True,medium,0.49,58
Kolkata,high,monsoon,12,poor,False,medium,0.7,50
Kolkata,high,monsoon,8,poor,False,high,0.76,50
Bhubaneswar,high,spring,12,poor,True,medium,0.4,52
Patna,critical,winter,12,poor,True,medium,0.72,61
Patna,critical,summer,11,poor,True,high,0.89,65
Hyderabad,low,spring,4,average,False,medium,0.33,20
Kolkata,high,winter,8,poor,False,low,0.36,34
Mumbai,critical,monsoon,13,average,False,high,0.89,50
Bengaluru,medium,summer,6,good,False,low,0.73,24
Kolkata,high,monsoon,12,poor,False,high,0.49,50
Bengaluru,medium,winter,6,good,False,low,0.89,21
Delhi,medium,summer,7,good,False,medium,0.37,26
Patna,critical,spring,10,poor,True,high,0.65,65
Nagpur,medium,monsoon,5,poor,True,low,0.35,43
Delhi,medium,summer,9,good,False,low,0.49,24
Delhi,medium,spring,8,good,False,high,0.36,26
Chennai,high,summer,7,average,False,medium,0.78,41
Chennai,high,winter,10,average,False,medium,0.97,35
Mumbai,critical,spring,13,average,False,high,0.76,50
Kolkata,high,spring,8,poor,False,medium,0.64,44
Bhubaneswar,high,summer,12,poor,True,medium,0.33,57
Bhubaneswar,high,spring,8,poor,True,low,0.69,47
Kolkata,high,monsoon,12,poor,False,low,0.51,50
Nagpur,medium,monsoon,7,poor,True,low,0.86,46
Bengaluru,medium,winter,6,good,False,medium,0.67,22
Pune,low,summer,6,average,False,high,0.35,21
Hyderabad,low,winter,4,average,False,low,0.58,20
Pune,low,winter,4,average,False,high,0.76,20
Delhi,medium,summer,10,good,False,medium,0.91,29
Delhi,medium,winter,8,good,False,medium,0.99,24
Pune,low,summer,8,average,False,medium,0.96,22
Mumbai,critical,winter,12,average,False,high,0.84,48
Hyderabad,low,spring,3,average,False,low,0.58,20
Patna,critical,winter,13,poor,True,high,0.81,65
Chennai,high,winter,11,average,False,medium,0.51,33
Delhi,medium,spring,7,good,False,medium,0.71,25
Chennai,high,summer,7,average,False,low,0.57,35
Nagpur,medium,spring,8,poor,True,low,0.96,37
Hyderabad,low,winter,6,average,False,medium,0.99,20
Nagpur,medium,winter,9,poor,True,medium,0.42,35
Bengaluru,medium,spring,6,good,False,high,0.75,28
Hyderabad,low,winter,7,average,False,medium,0.46,20
Delhi,medium,summer,7,good,False,high,0.43,29
Mumbai,critical,spring,13,average,False,high,0.74,50
Pune,low,summer,4,average,False,low,0.72,20
Chennai,high,summer,9,average,False,medium,0.66,41
Delhi,medium,monsoon,6,good,False,low,0.87,29
Kolkata,high,summer,12,poor,False,low,0.32,42
Bengaluru,medium,monsoon,8,good,False,medium,0.62,32
Nagpur,medium,winter,7,poor,True,high,0.92,41
Patna,critical,monsoon,13,poor,True,medium,0.87,65
Nagpur,medium,summer,9,poor,True,low,0.36,38
Nagpur,medium,spring,7,poor,True,high,0.33,42
Delhi,medium,monsoon,10,good,False,high,0.93,38
Chennai,high,monsoon,11,average,False,medium,0.71,49
Bhubaneswar,high,winter,9,poor,True,low,0.91,44
Chennai,high,monsoon,9,average,False,high,0.41,50
Patna,critical,summer,12,poor,True,high,0.79,65
Bhubaneswar,high,spring,10,poor,True,medium,0.43,52
Hyderabad,low,winter,7,average,False,medium,0.63,20
Pune,low,monsoon,5,average,False,low,0.46,20
Pune,low,winter,5,average,False,medium,0.88,20
Pune,low,monsoon,8,average,False,medium,0.53,23
Patna,critical,summer,11,poor,True,high,0.85,65
Kolkata,high,winter,9,poor,False,high,0.97,46
Hyderabad,low,summer,6,average,False,medium,0.96,21
Chennai,high,spring,7,average,False,medium,0.63,36
Kolkata,high,monsoon,10,poor,False,medium,0.91,50
Bengaluru,medium,winter,6,good,False,high,0.57,24
Chennai,high,monsoon,9,average,False,low,0.78,43
Bhubaneswar,high,monsoon,9,poor,True,high,0.96,65
Mumbai,critical,summer,9,average,False,low,0.67,45
Bengaluru,medium,spring,5,good,False,low,0.78,22
Kolkata,high,winter,10,poor,False,low,0.97,37
Nagpur,medium,spring,9,poor,True,high,0.94,46
Hyderabad,low,winter,6,average,False,medium,0.83,20
Hyderabad,low,winter,5,average,False,high,0.52,20
Kolkata,high,winter,9,poor,False,high,0.44,43
Chennai,high,summer,10,average,False,medium,0.91,42
Nagpur,medium,spring,5,poor,True,high,0.36,41
Nagpur,medium,winter,7,poor,True,medium,0.67,35
Pune,low,winter,8,average,False,high,0.94,20
Bhubaneswar,high,winter,11,poor,True,medium,0.62,48
Pune,low,summer,7,average,False,high,0.44,21
Patna,critical,spring,14,poor,True,high,0.71,65
Nagpur,medium,winter,9,poor,True,high,0.31,38
Delhi,medium,monsoon,7,good,False,medium,0.98,34
Kolkata,high,spring,10,poor,False,high,0.83,50
Kolkata,high,summer,10,poor,False,medium,0.82,50
Patna,critical,summer,13,poor,True,high,0.7,65
Kolkata,high,monsoon,11,poor,False,high,0.69,50
Delhi,medium,spring,6,good,False,medium,0.67,24
Patna,critical,summer,10,poor,True,high,0.36,65
Kolkata,high,winter,9,poor,False,medium,0.7,40
Bhubaneswar,high,monsoon,9,poor,True,medium,0.42,65
Chennai,high,spring,9,average,False,high,0.79,42
Kolkata,high,summer,8,poor,False,low,0.73,43
Patna,critical,monsoon,13,poor,True,medium,0.74,65
Bengaluru,medium,monsoon,6,good,False,low,0.36,27
Bengaluru,medium,spring,7,good,False,medium,0.87,26
Bhubaneswar,high,winter,10,poor,True,low,0.67,43
Bhubaneswar,high,monsoon,10,poor,True,medium,0.34,65
Pune,low,spring,8,average,False,high,0.91,22
Bhubaneswar,high,winter,11,poor,True,high,0.43,52
Pune,low,summer,6,average,False,medium,0.31,20
Mumbai,critical,monsoon,13,average,False,high,0.65,50
Bhubaneswar,high,winter,10,poor,True,high,0.35,52
Chennai,high,winter,10,average,False,high,0.91,39
Bhubaneswar,high,summer,11,poor,True,high,0.54,64
Bengaluru,medium,spring,5,good,False,high,0.66,27
Patna,critical,spring,11,poor,True,high,0.58,65
Bengaluru,medium,monsoon,5,good,False,medium,0.76,32
Mumbai,critical,winter,10,average,False,medium,0.55,41
Mumbai,critical,summer,10,average,False,high,0.81,50
Mumbai,critical,monsoon,12,average,False,medium,0.43,50
Delhi,medium,winter,10,good,False,high,0.35,24
Patna,critical,monsoon,13,poor,True,high,0.61,65
Nagpur,medium,winter,5,poor,True,medium,0.37,33
Chennai,high,winter,7,average,False,high,0.58,36
Mumbai,critical,summer,13,average,False,low,0.71,46
Nagpur,medium,spring,9,poor,True,low,0.62,35
Bhubaneswar,high,winter,9,poor,True,high,0.54,52
Patna,critical,summer,14,poor,True,low,0.96,65
Patna,critical,spring,13,poor,True,high,0.72,65
Hyderabad,low,spring,7,average,False,high,0.89,22
Nagpur,medium,spring,8,poor,True,low,0.38,34
Delhi,medium,monsoon,7,good,False,high,0.67,36
Bengaluru,medium,monsoon,8,good,False,high,0.39,34
Kolkata,high,summer,12,poor,False,low,0.52,43
Chennai,high,winter,10,average,False,medium,0.58,33
Delhi,medium,spring,8,good,False,low,0.31,21
Patna,critical,monsoon,14,poor,True,high,0.71,65
Nagpur,medium,winter,7,poor,True,medium,0.54,35
Kolkata,high,spring,12,poor,False,medium,0.44,44
Pune,low,spring,5,average,False,high,0.37,20
Nagpur,medium,summer,9,poor,True,low,0.42,38
Delhi,medium,summer,7,good,False,low,0.78,25
Delhi,medium,monsoon,6,good,False,medium,0.91,33
Nagpur,medium,summer,8,poor,True,low,0.95,40
Bengaluru,medium,summer,4,good,False,low,0.96,25
Hyderabad,low,spring,7,average,False,high,0.37,20
Delhi,medium,monsoon,6,good,False,high,0.58,35
Patna,critical,summer,14,poor,True,low,0.82,65
Bengaluru,medium,monsoon,8,good,False,medium,0.53,32
Kolkata,high,winter,9,poor,False,medium,0.91,41
Pune,low,winter,8,average,False,low,0.56,20
Kolkata,high,winter,8,poor,False,high,0.53,43
Bhubaneswar,high,winter,12,poor,True,low,0.57,43
Patna,critical,summer,10,poor,True,high,0.61,65
Kolkata,high,monsoon,10,poor,False,low,0.42,50
Bhubaneswar,high,monsoon,8,poor,True,low,0.68,61
Nagpur,medium,spring,6,poor,True,medium,0.94,40
Bhubaneswar,high,summer,11,poor,True,high,0.58,65
Hyderabad,low,winter,6,average,False,low,0.58,20
Pune,low,monsoon,5,average,False,low,0.66,21
Hyderabad,low,winter,5,average,False,low,0.93,20
Hyderabad,low,spring,3,average,False,low,0.57,20
Bengaluru,medium,summer,8,good,False,medium,0.44,26
Bengaluru,medium,spring,8,good,False,medium,0.52,24
Mumbai,critical,spring,10,average,False,medium,0.8,47
Chennai,high,summer,10,average,False,medium,0.39,40
Pune,low,winter,7,average,False,medium,0.86,20
Pune,low,winter,4,average,False,medium,0.43,20
Nagpur,medium,spring,8,poor,True,medium,0.86,41
Chennai,high,spring,11,average,False,medium,0.38,36
Pune,low,monsoon,8,average,False,medium,0.72,24
Bhubaneswar,high,summer,9,poor,True,medium,0.55,57
Bhubaneswar,high,spring,8,poor,True,medium,0.48,52
Bengaluru,medium,monsoon,6,good,False,low,0.77,29
Delhi,medium,winter,9,good,False,medium,0.62,23
Delhi,medium,summer,6,good,False,low,0.91,25
Chennai,high,winter,11,average,False,high,0.42,36
Hyderabad,low,winter,5,average,False,low,0.68,20
Bhubaneswar,high,summer,12,poor,True,high,0.34,64
Patna,critical,monsoon,12,poor,True,low,0.79,65
Mumbai,critical,monsoon,13,average,False,low,0.81,50
Pune,low,spring,7,average,False,medium,0.37,20
Bhubaneswar,high,monsoon,9,poor,True,low,0.84,62
Bengaluru,medium,spring,8,good,False,high,0.72,28
Patna,critical,spring,10,poor,True,low,0.54,58
Pune,low,spring,8,average,False,high,0.88,22
Hyderabad,low,spring,5,average,False,high,0.49,20
Nagpur,medium,monsoon,7,poor,True,medium,0.46,50
Bhubaneswar,high,winter,9,poor,True,low,0.56,42
Kolkata,high,summer,10,poor,False,medium,0.61,49
Bengaluru,medium,spring,7,good,False,medium,0.97,26
Patna,critical,winter,11,poor,True,medium,0.6,60
Pune,low,spring,7,average,False,high,0.51,20
Nagpur,medium,spring,7,poor,True,medium,0.46,38
Mumbai,critical,spring,13,average,False,high,0.89,50
Hyderabad,low,spring,4,average,False,low,0.91,20
Hyderabad,low,spring,6,average,False,medium,0.41,20
Bengaluru,medium,summer,5,good,False,high,0.55,29
Hyderabad,low,monsoon,5,average,False,high,0.69,26
Mumbai,critical,spring,10,average,False,medium,0.66,46
Mumbai,critical,monsoon,11,average,False,low,0.99,50
Hyderabad,low,spring,4,average,False,low,0.58,20
Kolkata,high,monsoon,12,poor,False,low,0.77,50
Bhubaneswar,high,monsoon,10,poor,True,low,0.51,60
Patna,critical,winter,14,poor,True,low,0.42,53
Delhi,medium,winter,7,good,False,medium,0.98,24
Bhubaneswar,high,summer,9,poor,True,high,0.64,64
Chennai,high,spring,7,average,False,medium,0.93,38
Bengaluru,medium,winter,6,good,False,high,0.88,26
Hyderabad,low,monsoon,7,average,False,medium,0.65,24
Bengaluru,medium,summer,7,good,False,high,0.96,32
Bengaluru,medium,monsoon,8,good,False,low,0.75,29
Delhi,medium,spring,8,good,False,low,0.34,21
Mumbai,critical,monsoon,10,average,False,high,0.34,50
Delhi,medium,summer,6,good,False,low,0.47,23
Mumbai,critical,summer,9,average,False,medium,0.49,50
Pune,low,spring,7,average,False,high,0.66,20
Pune,low,spring,4,average,False,high,0.73,20
Bengaluru,medium,summer,7,good,False,medium,0.6,27
Hyderabad,low,spring,7,average,False,low,0.56,20
Kolkata,high,monsoon,12,poor,False,high,0.84,50
Pune,low,monsoon,6,average,False,high,0.31,24
Hyderabad,low,monsoon,4,average,False,low,0.73,21
Hyderabad,low,monsoon,4,average,False,high,0.98,27
Delhi,medium,summer,10,good,False,high,0.38,30
Hyderabad,low,spring,7,average,False,medium,0.39,20
Delhi,medium,spring,9,good,False,medium,0.63,25
Patna,critical,summer,13,poor,True,high,0.62,65
Hyderabad,low,monsoon,7,average,False,high,0.97,28
Chennai,high,spring,7,average,False,high,0.78,41
Chennai,high,monsoon,8,average,False,medium,0.48,47
Nagpur,medium,summer,8,poor,True,low,0.65,39
Nagpur,medium,winter,5,poor,True,low,0.92,32
Pune,low,spring,8,average,False,low,0.37,20
Chennai,high,winter,11,average,False,high,0.33,36
Pune,low,winter,4,average,False,high,0.86,20
Mumbai,critical,spring,9,average,False,high,0.66,50
Nagpur,medium,monsoon,8,poor,True,low,0.98,47
Mumbai,critical,winter,11,average,False,low,0.42,36
Hyderabad,low,summer,4,average,False,medium,0.36,20
Chennai,high,winter,7,average,False,high,0.57,36
Delhi,medium,winter,6,good,False,medium,0.48,21
Patna,critical,summer,10,poor,True,medium,0.63,65
Delhi,medium,monsoon,10,good,False,low,0.99,31
Kolkata,high,summer,12,poor,False,low,0.66,44
Delhi,medium,winter,7,good,False,low,0.38,20
Delhi,medium,winter,6,good,False,high,0.56,24
Bhubaneswar,high,summer,9,poor,True,medium,0.49,57
Bengaluru,medium,summer,7,good,False,low,0.92,25
Nagpur,medium,summer,7,poor,True,medium,0.87,44
Pune,low,winter,4,average,False,high,0.68,20
Hyderabad,low,summer,7,average,False,medium,0.89,21
Nagpur,medium,monsoon,8,poor,True,low,0.52,45
Kolkata,high,winter,8,poor,False,medium,0.68,40
Delhi,medium,monsoon,10,good,False,high,0.81,37
Delhi,medium,winter,8,good,False,low,0.89,21
Kolkata,high,winter,12,poor,False,high,0.82,46
Mumbai,critical,winter,11,average,False,low,0.78,38
Pune,low,spring,4,average,False,high,0.41,20
Bhubaneswar,high,monsoon,8,poor,True,high,0.92,65
Bengaluru,medium,spring,6,good,False,medium,0.76,25
Patna,critical,monsoon,14,poor,True,medium,0.73,65
Delhi,medium,summer,10,good,False,high,0.69,31
Kolkata,high,monsoon,9,poor,False,medium,0.32,50
Chennai,high,monsoon,7,average,False,medium,0.83,48
Bengaluru,medium,winter,6,good,False,low,0.51,20
Nagpur,medium,winter,9,poor,True,medium,0.56,35
Bengaluru,medium,spring,5,good,False,medium,0.72,24
Hyderabad,low,monsoon,7,average,False,medium,0.79,24
Hyderabad,low,monsoon,6,average,False,high,0.57,26
Chennai,high,winter,10,average,False,high,0.75,38
Nagpur,medium,summer,6,poor,True,low,0.79,39
Nagpur,medium,monsoon,6,poor,True,medium,0.86,52
Mumbai,critical,summer,11,average,False,medium,0.79,50
Bhubaneswar,high,monsoon,12,poor,True,low,0.88,63
Mumbai,critical,spring,13,average,False,medium,0.53,47
Pune,low,summer,5,average,False,low,0.45,20
Patna,critical,spring,14,poor,True,high,0.59,65
Bengaluru,medium,spring,6,good,False,low,0.59,21
Pune,low,summer,5,average,False,high,0.43,21
Bhubaneswar,high,monsoon,10,poor,True,high,0.79,65
Kolkata,high,summer,8,poor,False,low,0.51,42
Hyderabad,low,winter,4,average,False,low,0.6,20
Mumbai,critical,summer,13,average,False,high,0.64,50
Hyderabad,low,monsoon,7,average,False,medium,0.74,24
Pune,low,winter,5,average,False,low,0.61,20
Patna,critical,spring,10,poor,True,medium,0.46,65
Patna,critical,winter,13,poor,True,high,0.97,65
Nagpur,medium,spring,6,poor,True,medium,0.33,37
Pune,low,winter,7,average,False,medium,0.47,20
Kolkata,high,winter,9,poor,False,high,0.84,45
Patna,critical,summer,13,poor,True,low,0.34,64
Bhubaneswar,high,winter,8,poor,True,high,0.67,53
Chennai,high,winter,8,average,False,low,0.97,31
Pune,low,summer,5,average,False,medium,0.59,20
Patna,critical,summer,11,poor,True,high,0.48,65
Mumbai,critical,winter,10,average,False,high,0.7,46
Mumbai,critical,winter,9,average,False,high,0.73,46
Patna,critical,summer,10,poor,True,high,0.41,65
Bengaluru,medium,winter,5,good,False,high,0.9,25
Pune,low,summer,4,average,False,high,0.46,20
Bhubaneswar,high,winter,8,poor,True,low,0.8,43
Chennai,high,monsoon,8,average,False,high,0.6,50
Hyderabad,low,monsoon,3,average,False,medium,0.37,21
Mumbai,critical,summer,12,average,False,low,0.66,46
Bhubaneswar,high,winter,10,poor,True,low,0.65,43
Pune,low,summer,7,average,False,medium,0.53,20
Bengaluru,medium,monsoon,8,good,False,low,0.92,30
Patna,critical,spring,11,poor,True,medium,0.69,65
Delhi,medium,summer,8,good,False,high,0.57,30
Mumbai,critical,monsoon,12,average,False,low,0.88,50
Delhi,medium,winter,8,good,False,high,0.98,27
Nagpur,medium,spring,6,poor,True,high,0.7,43
Hyderabad,low,spring,3,average,False,low,0.44,20
Nagpur,medium,monsoon,6,poor,True,medium,0.86,52
Pune,low,spring,6,average,False,high,0.93,21
Delhi,medium,winter,6,good,False,high,0.32,23
Nagpur,medium,summer,8,poor,True,low,0.52,38
Kolkata,high,monsoon,10,poor,False,high,0.86,50
Pune,low,spring,4,average,False,low,0.64,20
Hyderabad,low,summer,7,average,False,medium,0.42,20
Kolkata,high,monsoon,10,poor,False,low,0.39,50
Hyderabad,low,summer,5,average,False,high,0.32,20
Bengaluru,medium,monsoon,5,good,False,medium,0.57,31
Mumbai,critical,summer,12,average,False,high,0.51,50
Kolkata,high,monsoon,10,poor,False,high,0.63,50
Patna,critical,summer,11,poor,True,medium,0.88,65
Bhubaneswar,high,spring,12,poor,True,medium,0.37,52
Hyderabad,low,winter,6,average,False,medium,0.54,20
Delhi,medium,monsoon,8,good,False,high,0.6,36
Kolkata,high,summer,12,poor,False,low,0.89,45
Mumbai,critical,summer,12,average,False,high,0.77,50
Delhi,medium,winter,9,good,False,low,0.42,20
Patna,critical,spring,13,poor,True,high,0.89,65
Pune,low,spring,6,average,False,medium,0.66,20
Kolkata,high,winter,12,poor,False,low,0.83,37
Hyderabad,low,monsoon,6,average,False,medium,0.93,25
Chennai,high,winter,7,average,False,low,0.34,28
Delhi,medium,winter,6,good,False,medium,0.77,23
Pune,low,winter,6,average,False,medium,0.61,20
Kolkata,high,monsoon,11,poor,False,high,0.68,50
Mumbai,critical,winter,11,average,False,high,0.33,45
Nagpur,medium,monsoon,6,poor,True,medium,0.5,50
Patna,critical,winter,12,poor,True,low,0.83,55
Patna,critical,spring,13,poor,True,high,0.97,65
Patna,critical,winter,13,poor,True,low,0.67,54
Mumbai,critical,winter,12,average,False,medium,0.45,41
Hyderabad,low,summer,6,average,False,high,0.47,21
Chennai,high,spring,10,average,False,high,0.88,42
Hyderabad,low,winter,3,average,False,low,0.81,20
Patna,critical,spring,12,poor,True,medium,0.77,65
Kolkata,high,summer,12,poor,False,medium,0.86,50
Mumbai,critical,winter,10,average,False,high,0.67,46
Hyderabad,low,spring,6,average,False,high,0.72,20
Chennai,high,summer,11,average,False,high,0.94,47
Bengaluru,medium,winter,4,good,False,medium,0.92,23
Chennai,high,spring,11,average,False,low,0.6,33
Kolkata,high,spring,8,poor,False,low,0.92,40
Kolkata,high,spring,12,poor,False,low,0.61,40
Patna,critical,summer,12,poor,True,low,0.66,65
Bengaluru,medium,monsoon,7,good,False,high,0.98,37
Delhi,medium,spring,7,good,False,low,0.82,23
Chennai,high,spring,7,average,False,medium,0.55,36
Kolkata,high,monsoon,10,poor,False,low,0.49,50
Chennai,high,summer,11,average,False,high,0.64,46
Nagpur,medium,monsoon,7,poor,True,high,0.63,56
Chennai,high,summer,11,average,False,medium,0.9,42
Chennai,high,monsoon,9,average,False,high,0.54,50
Hyderabad,low,summer,3,average,False,medium,0.58,20
Kolkata,high,monsoon,8,poor,False,high,0.87,50
Chennai,high,summer,7,average,False,high,0.54,44
Pune,low,winter,4,average,False,low,0.65,20
Mumbai,critical,winter,13,average,False,low,0.49,37
Chennai,high,spring,10,average,False,low,0.59,33
Nagpur,medium,summer,9,poor,True,high,0.73,49
Chennai,high,summer,8,average,False,low,0.97,37
Hyderabad,low,spring,3,average,False,low,0.3,20
Pune,low,summer,7,average,False,medium,0.48,20
Bengaluru,medium,monsoon,4,good,False,low,0.76,28
Hyderabad,low,winter,6,average,False,high,0.35,20
Bhubaneswar,high,winter,8,poor,True,low,0.59,42
Patna,critical,monsoon,11,poor,True,low,0.72,65
Bhubaneswar,high,monsoon,9,poor,True,low,0.94,62
Patna,critical,winter,13,poor,True,low,0.81,55
Hyderabad,low,monsoon,7,average,False,medium,0.88,25
Nagpur,medium,monsoon,5,poor,True,high,0.6,56
Mumbai,critical,winter,9,average,False,low,0.7,37
Bhubaneswar,high,summer,12,poor,True,medium,0.69,59
Patna,critical,winter,10,poor,True,medium,0.89,61
Kolkata,high,winter,9,poor,False,low,0.35,34
Patna,critical,summer,11,poor,True,medium,0.61,65
Delhi,medium,spring,8,good,False,low,0.9,24
Patna,critical,winter,12,poor,True,medium,0.56,60
Kolkata,high,spring,11,poor,False,high,0.67,50
Delhi,medium,spring,9,good,False,high,0.75,28
Hyderabad,low,spring,3,average,False,high,0.96,21
Mumbai,critical,summer,10,average,False,medium,0.75,50
Chennai,high,summer,11,average,False,medium,0.89,42
Nagpur,medium,spring,5,poor,True,low,0.78,35
Delhi,medium,summer,8,good,False,low,0.97,26
Bengaluru,medium,monsoon,6,good,False,medium,0.32,30
Bhubaneswar,high,winter,9,poor,True,medium,0.83,49
Hyderabad,low,monsoon,4,average,False,high,0.88,27
Hyderabad,low,monsoon,6,average,False,high,0.63,26
Kolkata,high,spring,9,poor,False,high,0.99,50
Bengaluru,medium,summer,8,good,False,medium,0.68,28
Hyderabad,low,summer,3,average,False,high,0.68,21
Kolkata,high,summer,10,poor,False,low,0.61,43
Bhubaneswar,high,monsoon,12,poor,True,low,0.42,61
Hyderabad,low,monsoon,6,average,False,high,0.98,28
Pune,low,spring,6,average,False,high,0.71,20
Nagpur,medium,summer,7,poor,True,high,0.74,48
Bengaluru,medium,winter,8,good,False,high,0.81,26
Delhi,medium,spring,6,good,False,medium,0.62,24
Pune,low,summer,7,average,False,high,0.63,22
Bengaluru,medium,monsoon,6,good,False,low,0.97,30
Hyderabad,low,monsoon,5,average,False,medium,0.67,23
Kolkata,high,summer,10,poor,False,low,0.39,42
Chennai,high,spring,10,average,False,high,0.91,43
Kolkata,high,summer,10,poor,False,low,0.66,44
Bengaluru,medium,spring,5,good,False,medium,0.67,24
Nagpur,medium,winter,7,poor,True,low,0.94,33
Mumbai,critical,monsoon,9,average,False,low,0.93,50
Delhi,medium,spring,8,good,False,low,0.84,23
Bengaluru,medium,winter,8,good,False,low,0.44,20
Patna,critical,spring,13,poor,True,high,0.61,65
Chennai,high,summer,9,average,False,low,0.92,38
Hyderabad,low,summer,7,average,False,low,0.81,20
Delhi,medium,spring,10,good,False,medium,0.81,26
Kolkata,high,monsoon,9,poor,False,medium,0.75,50
Delhi,medium,summer,8,good,False,medium,0.97,29
Mumbai,critical,winter,10,average,False,medium,0.88,43
Pune,low,monsoon,6,average,False,high,0.54,26
Hyderabad,low,summer,7,average,False,high,0.83,23
Hyderabad,low,spring,3,average,False,low,0.92,20
Mumbai,critical,monsoon,9,average,False,medium,0.35,50
Bengaluru,medium,monsoon,6,good,False,low,0.68,28
Delhi,medium,summer,10,good,False,low,0.67,25
Delhi,medium,spring,6,good,False,low,0.89,23
Kolkata,high,spring,9,poor,False,medium,0.8,45
Nagpur,medium,winter,8,poor,True,medium,0.5,35
Nagpur,medium,winter,7,poor,True,medium,0.53,35
Hyderabad,low,winter,3,average,False,high,0.75,20
Hyderabad,low,summer,7,average,False,low,0.55,20
Patna,critical,summer,10,poor,True,low,0.65,65
Bhubaneswar,high,monsoon,11,poor,True,medium,0.35,65
Delhi,medium,monsoon,7,good,False,medium,0.88,33
Nagpur,medium,winter,8,poor,True,high,0.94,41
Nagpur,medium,monsoon,8,poor,True,low,0.41,44
Delhi,medium,monsoon,7,good,False,low,0.34,27
Chennai,high,winter,7,average,False,low,0.43,28
Bhubaneswar,high,monsoon,8,poor,True,low,0.71,61
Nagpur,medium,summer,9,poor,True,high,0.36,47
Patna,critical,summer,12,poor,True,low,0.7,65
Delhi,medium,spring,9,good,False,medium,0.92,27
Mumbai,critical,summer,12,average,False,low,0.36,44
Bhubaneswar,high,winter,9,poor,True,high,0.57,52
Patna,critical,spring,11,poor,True,low,0.42,58
Hyderabad,low,winter,7,average,False,high,0.98,20
Chennai,high,spring,7,average,False,medium,0.49,36
Bengaluru,medium,winter,6,good,False,high,0.33,23
Hyderabad,low,monsoon,6,average,False,high,0.63,26
Delhi,medium,spring,8,good,False,high,0.34,26
Patna,critical,summer,11,poor,True,high,0.88,65
Delhi,medium,spring,6,good,False,high,0.91,28
Kolkata,high,spring,8,poor,False,high,0.83,50
Delhi,medium,summer,9,good,False,medium,0.82,29
Kolkata,high,spring,11,poor,False,high,0.78,50
Kolkata,high,monsoon,8,poor,False,high,0.5,50
Mumbai,critical,summer,9,average,False,high,0.38,50
Bhubaneswar,high,summer,11,poor,True,low,0.88,53
Hyderabad,low,monsoon,4,average,False,medium,0.8,24
Bhubaneswar,high,winter,8,poor,True,low,0.58,42
Chennai,high,spring,10,average,False,high,0.62,41
Bengaluru,medium,monsoon,7,good,False,medium,0.77,33
Bengaluru,medium,winter,7,good,False,low,0.45,20
Bhubaneswar,high,spring,10,poor,True,medium,0.31,51
Patna,critical,monsoon,14,poor,True,medium,0.6,65
Hyderabad,low,summer,3,average,False,low,0.66,20
Bengaluru,medium,summer,7,good,False,low,0.76,25
Pune,low,spring,6,average,False,high,0.68,20
Nagpur,medium,summer,5,poor,True,high,0.58,47
Bengaluru,medium,spring,6,good,False,high,0.46,26
Delhi,medium,monsoon,9,good,False,high,0.82,37
Pune,low,spring,5,average,False,medium,0.99,20
Pune,low,summer,7,average,False,medium,0.75,21
Kolkata,high,summer,8,poor,False,low,0.81,44
Pune,low,monsoon,4,average,False,medium,0.89,24
Mumbai,critical,winter,13,average,False,high,0.67,47
Bengaluru,medium,winter,7,good,False,low,0.48,20
Chennai,high,winter,10,average,False,medium,0.5,33
Patna,critical,winter,10,poor,True,medium,0.34,58
Chennai,high,monsoon,11,average,False,high,0.61,50
Kolkata,high,summer,9,poor,False,medium,0.67,49
Bhubaneswar,high,summer,12,poor,True,medium,0.49,58
Kolkata,high,monsoon,9,poor,False,medium,0.68,50
Mumbai,critical,monsoon,13,average,False,high,0.33,50
Chennai,high,summer,9,average,False,high,0.67,45
Kolkata,high,summer,11,poor,False,low,0.65,44
Nagpur,medium,spring,7,poor,True,medium,0.67,39
Hyderabad,low,summer,4,average,False,low,0.42,20
Kolkata,high,monsoon,9,poor,False,medium,0.31,50
Mumbai,critical,summer,11,average,False,high,0.96,50
Hyderabad,low,spring,4,average,False,medium,0.83,20
Bhubaneswar,high,spring,11,poor,True,low,0.46,47
Pune,low,summer,6,average,False,medium,0.84,21
Kolkata,high,spring,8,poor,False,high,0.31,47
Hyderabad,low,spring,6,average,False,medium,0.86,20
Hyderabad,low,spring,4,average,False,medium,0.66,20
Kolkata,high,summer,10,poor,False,high,0.58,50
Bhubaneswar,high,spring,8,poor,True,medium,0.58,52
Delhi,medium,winter,6,good,False,high,0.83,25
Chennai,high,winter,10,average,False,high,0.32,36
Mumbai,critical,summer,11,average,False,medium,0.55,50
Delhi,medium,summer,9,good,False,high,0.69,31
Delhi,medium,spring,6,good,False,medium,0.93,26
Bhubaneswar,high,summer,11,poor,True,low,0.65,52
Patna,critical,summer,14,poor,True,medium,0.97,65
Kolkata,high,monsoon,12,poor,False,high,0.97,50
Hyderabad,low,spring,5,average,False,low,0.6,20
Bhubaneswar,high,winter,10,poor,True,high,0.55,53
Pune,low,winter,5,average,False,high,0.59,20
Bengaluru,medium,winter,5,good,False,low,0.68,20
Nagpur,medium,summer,7,poor,True,low,0.32,37
Patna,critical,winter,13,poor,True,medium,0.96,62
Hyderabad,low,summer,5,average,False,low,0.87,20
Nagpur,medium,winter,9,poor,True,medium,0.84,37
Nagpur,medium,monsoon,8,poor,True,low,0.66,46
Chennai,high,winter,11,average,False,low,0.95,32
Hyderabad,low,monsoon,3,average,False,high,0.71,25
Kolkata,high,monsoon,12,poor,False,high,0.98,50
Pune,low,winter,8,average,False,high,0.61,20
Mumbai,critical,monsoon,12,average,False,medium,0.81,50
Bengaluru,medium,winter,4,good,False,high,0.83,25
Bhubaneswar,high,monsoon,12,poor,True,high,0.48,65
Mumbai,critical,monsoon,9,average,False,medium,0.54,50
Kolkata,high,spring,12,poor,False,medium,0.71,45
Chennai,high,spring,9,average,False,low,0.68,33
Bhubaneswar,high,spring,10,poor,True,medium,0.85,54
Patna,critical,summer,12,poor,True,medium,0.64,65
Chennai,high,spring,10,average,False,low,0.8,34
Hyderabad,low,summer,3,average,False,high,0.8,22
Mumbai,critical,spring,9,average,False,high,0.61,50
Delhi,medium,spring,8,good,False,medium,0.94,26
Pune,low,monsoon,8,average,False,medium,0.54,24
Delhi,medium,winter,6,good,False,high,0.4,23
Kolkata,high,monsoon,11,poor,False,high,0.9,50
Chennai,high,spring,11,average,False,low,0.68,34
Chennai,high,winter,8,average,False,low,0.65,29
Bengaluru,medium,monsoon,4,good,False,low,0.85,29
Mumbai,critical,spring,10,average,False,high,0.98,50
Pune,low,spring,6,average,False,high,0.87,21
Patna,critical,summer,10,poor,True,low,0.6,64
Hyderabad,low,winter,7,average,False,medium,0.69,20
Bhubaneswar,high,summer,11,poor,True,low,0.52,52
Pune,low,monsoon,6,average,False,high,0.86,27
Pune,low,monsoon,6,average,False,medium,0.88,25
Mumbai,critical,winter,10,average,False,high,0.68,46
Hyderabad,low,winter,7,average,False,low,0.59,20
Kolkata,high,summer,12,poor,False,high,0.91,50
Hyderabad,low,monsoon,5,average,False,high,0.5,25
Patna,critical,winter,14,poor,True,low,0.34,53
Pune,low,spring,4,average,False,high,0.85,20
Pune,low,winter,6,average,False,medium,0.72,20
Bengaluru,medium,summer,5,good,False,low,0.6,23
Patna,critical,spring,11,poor,True,medium,0.66,65
Chennai,high,monsoon,8,average,False,high,0.99,50
Patna,critical,summer,11,poor,True,medium,0.71,65
Chennai,high,winter,7,average,False,low,0.48,28
Bhubaneswar,high,monsoon,8,poor,True,low,0.49,60
Nagpur,medium,monsoon,6,poor,True,low,0.72,45
Kolkata,high,spring,10,poor,False,high,0.36,48
Mumbai,critical,spring,11,average,False,low,0.69,42
Hyderabad,low,monsoon,5,average,False,medium,0.48,22
Bhubaneswar,high,summer,8,poor,True,medium,0.52,57
Bengaluru,medium,winter,7,good,False,medium,0.91,24
Chennai,high,winter,8,average,False,high,0.41,35
Kolkata,high,winter,12,poor,False,low,0.84,37
Bengaluru,medium,monsoon,4,good,False,high,0.59,34
Chennai,high,summer,10,average,False,low,0.48,36
Bengaluru,medium,winter,4,good,False,medium,0.58,21
Bhubaneswar,high,spring,8,poor,True,medium,0.31,51
Kolkata,high,monsoon,10,poor,False,low,0.36,50
Patna,critical,spring,13,poor,True,high,0.66,65
Bhubaneswar,high,winter,11,poor,True,high,0.68,54
Patna,critical,monsoon,11,poor,True,high,0.36,65
Chennai,high,summer,10,average,False,low,0.32,35
Chennai,high,summer,11,average,False,low,0.47,36
Nagpur,medium,winter,9,poor,True,medium,0.81,37
Bhubaneswar,high,summer,10,poor,True,medium,0.56,58
Pune,low,monsoon,5,average,False,medium,0.57,23
Bengaluru,medium,winter,8,good,False,medium,0.58,22
Kolkata,high,summer,10,poor,False,medium,0.5,48
Bhubaneswar,high,summer,8,poor,True,high,0.71,64
Patna,critical,winter,10,poor,True,high,0.93,65
Patna,critical,monsoon,12,poor,True,high,0.59,65
Bhubaneswar,high,winter,10,poor,True,medium,0.6,48
Bengaluru,medium,monsoon,7,good,False,low,0.96,30
Delhi,medium,monsoon,8,good,False,medium,0.32,31
Bengaluru,medium,monsoon,8,good,False,low,0.64,29
Bengaluru,medium,spring,4,good,False,low,0.8,22
Kolkata,high,monsoon,8,poor,False,high,0.95,50
Hyderabad,low,spring,7,average,False,high,0.85,21
Hyderabad,low,monsoon,5,average,False,high,0.88,27
Mumbai,critical,winter,12,average,False,high,0.31,45
Nagpur,medium,monsoon,5,poor,True,high,0.82,57
Bhubaneswar,high,spring,8,poor,True,high,0.52,58
Pune,low,spring,8,average,False,medium,0.55,20
Bhubaneswar,high,monsoon,8,poor,True,high,0.37,65
Patna,critical,monsoon,12,poor,True,high,0.65,65
Kolkata,high,summer,12,poor,False,medium,0.92,50
Pune,low,spring,6,average,False,medium,0.61,20
Kolkata,high,summer,12,poor,False,low,0.77,45
Bengaluru,medium,winter,8,good,False,high,0.82,26
Hyderabad,low,monsoon,7,average,False,medium,0.85,25
Kolkata,high,monsoon,8,poor,False,medium,0.31,50
Bhubaneswar,high,winter,9,poor,True,medium,0.74,48
Mumbai,critical,spring,10,average,False,high,0.45,50
Pune,low,winter,6,average,False,medium,0.45,20
Nagpur,medium,spring,7,poor,True,high,0.59,43
Chennai,high,monsoon,7,average,False,low,0.78,43
Nagpur,medium,winter,6,poor,True,high,0.44,38
Delhi,medium,winter,10,good,False,medium,0.7,23
Chennai,high,summer,11,average,False,high,0.61,45
Nagpur,medium,monsoon,5,poor,True,low,0.38,43
Bhubaneswar,high,summer,10,poor,True,low,0.84,53
Pune,low,summer,4,average,False,high,0.73,22
Patna,critical,winter,14,poor,True,low,0.69,54
Hyderabad,low,winter,4,average,False,high,0.81,20
Patna,critical,spring,10,poor,True,high,0.87,65
Patna,critical,winter,13,poor,True,low,0.5,53
Pune,low,monsoon,8,average,False,low,0.87,23
Patna,critical,summer,12,poor,True,low,0.35,64
Patna,critical,spring,11,poor,True,low,0.5,58
Delhi,medium,spring,9,good,False,low,0.68,23
Bengaluru,medium,winter,7,good,False,high,0.99,26
Delhi,medium,monsoon,10,good,False,high,0.99,38
Bengaluru,medium,spring,8,good,False,low,0.33,21
Mumbai,critical,winter,11,average,False,medium,0.81,43
Nagpur,medium,winter,8,poor,True,low,0.56,31
Bhubaneswar,high,winter,10,poor,True,low,0.57,42
Delhi,medium,monsoon,6,good,False,high,0.3,33
Delhi,medium,summer,6,good,False,high,0.71,30
Hyderabad,low,spring,7,average,False,medium,0.86,20
Bhubaneswar,high,spring,8,poor,True,low,0.77,47
Pune,low,spring,4,average,False,low,0.92,20
Bhubaneswar,high,summer,10,poor,True,high,0.76,65
Bengaluru,medium,monsoon,8,good,False,high,0.74,36
Bhubaneswar,high,spring,9,poor,True,high,0.8,59
Kolkata,high,spring,10,poor,False,high,0.47,48
Delhi,medium,monsoon,9,good,False,medium,0.65,33
Chennai,high,monsoon,8,average,False,medium,0.57,47
Bhubaneswar,high,winter,9,poor,True,medium,0.86,49
Kolkata,high,summer,10,poor,False,medium,0.82,50
Chennai,high,monsoon,11,average,False,high,0.79,50
Bengaluru,medium,winter,5,good,False,low,0.84,20
Bengaluru,medium,spring,7,good,False,medium,0.79,25
Chennai,high,spring,7,average,False,high,0.48,40
Kolkata,high,summer,12,poor,False,low,0.88,45
Nagpur,medium,monsoon,6,poor,True,medium,0.6,50
Nagpur,medium,spring,9,poor,True,low,1.0,37
Kolkata,high,monsoon,9,poor,False,low,0.87,50
Kolkata,high,spring,10,poor,False,low,0.95,41
Bhubaneswar,high,winter,12,poor,True,low,0.47,42
Chennai,high,winter,10,average,False,low,0.55,30
Mumbai,critical,monsoon,11,average,False,medium,0.52,50
Hyderabad,low,winter,4,average,False,high,0.83,20
Pune,low,winter,6,average,False,medium,0.69,20
Hyderabad,low,summer,7,average,False,medium,0.57,20
Bengaluru,medium,summer,8,good,False,low,0.81,25
Delhi,medium,monsoon,10,good,False,low,0.71,30
Mumbai,critical,winter,11,average,False,medium,0.56,42
Hyderabad,low,winter,5,average,False,high,1.0,20
Delhi,medium,spring,6,good,False,medium,0.8,25
Patna,critical,monsoon,12,poor,True,low,0.88,65
Pune,low,monsoon,5,average,False,low,0.95,22
Hyderabad,low,winter,3,average,False,low,0.79,20
Patna,critical,monsoon,11,poor,True,medium,0.41,65
Pune,low,spring,4,average,False,low,0.44,20
Kolkata,high,monsoon,9,poor,False,low,0.62,50
Delhi,medium,spring,7,good,False,high,0.73,28
Nagpur,medium,monsoon,8,poor,True,medium,0.94,53
Nagpur,medium,monsoon,9,poor,True,high,0.71,57
Chennai,high,monsoon,8,average,False,medium,0.71,48
Nagpur,medium,spring,7,poor,True,medium,0.79,40
Nagpur,medium,monsoon,5,poor,True,low,0.92,46
Pune,low,spring,8,average,False,low,0.92,20
Hyderabad,low,winter,3,average,False,low,0.44,20
Hyderabad,low,monsoon,3,average,False,low,0.72,20
Patna,critical,spring,14,poor,True,medium,0.39,65
Pune,low,summer,7,average,False,high,0.77,23
Bhubaneswar,high,monsoon,12,poor,True,low,0.69,62
Delhi,medium,monsoon,9,good,False,medium,0.46,32
Bengaluru,medium,monsoon,5,good,False,low,0.4,27
Mumbai,critical,summer,9,average,False,low,0.86,46
Nagpur,medium,summer,8,poor,True,medium,0.48,43
Chennai,high,spring,11,average,False,high,0.34,40
Hyderabad,low,monsoon,6,average,False,low,0.84,22
Kolkata,high,winter,9,poor,False,low,0.51,35
Hyderabad,low,spring,4,average,False,medium,0.52,20
Pune,low,summer,4,average,False,low,0.99,20
Bhubaneswar,high,summer,9,poor,True,high,0.59,64
Patna,critical,monsoon,14,poor,True,high,0.7,65
Mumbai,critical,spring,9,average,False,low,0.44,40
Pune,low,winter,8,average,False,high,0.84,20
Nagpur,medium,spring,6,poor,True,low,0.67,35
Patna,critical,winter,13,poor,True,medium,0.89,62
Pune,low,summer,6,average,False,medium,0.39,20
Pune,low,spring,6,average,False,high,0.66,20
Nagpur,medium,summer,9,poor,True,high,0.87,50
Kolkata,high,winter,12,poor,False,high,0.66,45
Kolkata,high,spring,11,poor,False,low,0.95,41
Kolkata,high,winter,11,poor,False,high,0.5,44
Mumbai,critical,summer,10,average,False,medium,0.72,50
Kolkata,high,spring,8,poor,False,medium,0.56,43
Mumbai,critical,monsoon,11,average,False,low,0.54,50
Hyderabad,low,monsoon,6,average,False,high,0.32,24
Hyderabad,low,monsoon,6,average,False,low,0.71,21
Bengaluru,medium,summer,8,good,False,low,0.72,25
Chennai,high,spring,10,average,False,high,0.46,40
Bengaluru,medium,summer,4,good,False,low,0.44,22
Nagpur,medium,monsoon,6,poor,True,low,0.33,43
Nagpur,medium,spring,7,poor,True,medium,0.85,40
Pune,low,summer,4,average,False,high,0.79,22
Pune,low,monsoon,5,average,False,low,0.72,21
Pune,low,summer,5,average,False,high,0.8,22
Delhi,medium,summer,8,good,False,high,0.83,31
Pune,low,summer,6,average,False,low,0.94,20
Bhubaneswar,high,spring,12,poor,True,low,0.74,48
Chennai,high,summer,10,average,False,high,0.89,46
Chennai,high,spring,9,average,False,low,0.61,33
Patna,critical,spring,13,poor,True,high,0.84,65
Patna,critical,summer,12,poor,True,medium,0.79,65
Nagpur,medium,monsoon,7,poor,True,low,0.7,46
Chennai,high,summer,8,average,False,high,0.9,46
Nagpur,medium,winter,6,poor,True,medium,0.31,33
Mumbai,critical,monsoon,9,average,False,high,0.46,50
Nagpur,medium,summer,9,poor,True,low,0.51,38
Nagpur,medium,winter,8,poor,True,low,0.73,32
Mumbai,critical,spring,12,average,False,medium,0.73,47
Hyderabad,low,winter,6,average,False,medium,0.49,20
Bengaluru,medium,monsoon,8,good,False,medium,0.8,33
Patna,critical,spring,13,poor,True,medium,0.86,65
Mumbai,critical,monsoon,11,average,False,high,0.36,50
Nagpur,medium,summer,8,poor,True,medium,0.95,45
Patna,critical,winter,13,poor,True,low,0.41,53
Patna,critical,winter,11,poor,True,low,0.47,52
Kolkata,high,monsoon,8,poor,False,medium,0.75,50
Nagpur,medium,monsoon,7,poor,True,low,0.51,45
Mumbai,critical,monsoon,11,average,False,high,0.3,50
Patna,critical,summer,13,poor,True,medium,0.8,65
Pune,low,winter,5,average,False,low,0.51,20
Pune,low,spring,4,average,False,medium,0.43,20
Mumbai,critical,monsoon,13,average,False,high,0.9,50
Bengaluru,medium,monsoon,8,good,False,medium,0.64,32
Bengaluru,medium,monsoon,8,good,False,low,0.96,30
Bengaluru,medium,winter,4,good,False,high,0.71,24
Bhubaneswar,high,summer,8,poor,True,low,0.54,51
Pune,low,spring,6,average,False,medium,0.37,20
Mumbai,critical,monsoon,11,average,False,medium,0.69,50
Bengaluru,medium,summer,6,good,False,high,0.85,31
Bhubaneswar,high,summer,12,poor,True,low,0.55,52
Kolkata,high,summer,12,poor,False,high,0.93,50
Delhi,medium,summer,9,good,False,low,0.76,25
Pune,low,monsoon,8,average,False,low,0.82,22
Kolkata,high,spring,9,poor,False,medium,0.48,43
Bhubaneswar,high,summer,9,poor,True,low,0.38,50
Patna,critical,spring,10,poor,True,low,0.45,58
Hyderabad,low,winter,3,average,False,high,0.4,20
Bhubaneswar,high,monsoon,9,poor,True,high,0.82,65
Kolkata,high,monsoon,10,poor,False,high,0.86,50
Chennai,high,summer,8,average,False,high,0.36,43
Chennai,high,spring,11,average,False,medium,0.7,38
Nagpur,medium,summer,9,poor,True,low,0.85,40
Hyderabad,low,spring,5,average,False,medium,0.78,20
Bhubaneswar,high,summer,8,poor,True,medium,0.32,56
Hyderabad,low,monsoon,6,average,False,medium,0.41,22
Delhi,medium,monsoon,9,good,False,high,0.95,38
Pune,low,spring,7,average,False,low,0.66,20
Mumbai,critical,summer,11,average,False,low,0.46,45
Mumbai,critical,spring,10,average,False,high,0.61,50
Pune,low,winter,5,average,False,high,0.61,20
Bengaluru,medium,summer,5,good,False,medium,0.49,26
Bengaluru,medium,spring,6,good,False,medium,0.41,23
Bhubaneswar,high,spring,12,poor,True,medium,0.69,54
Kolkata,high,spring,10,poor,False,low,0.97,41
Delhi,medium,spring,9,good,False,low,0.57,22
Patna,critical,spring,12,poor,True,medium,0.83,65
Delhi,medium,monsoon,10,good,False,high,0.6,36
Delhi,medium,winter,10,good,False,low,0.88,22
Kolkata,high,spring,9,poor,False,high,0.6,49
Bengaluru,medium,summer,5,good,False,medium,0.47,26
Bhubaneswar,high,spring,8,poor,True,high,0.93,60
Kolkata,high,spring,10,poor,False,low,0.49,39
Chennai,high,spring,10,average,False,low,0.58,33
Patna,critical,winter,14,poor,True,medium,0.87,62
Mumbai,critical,monsoon,9,average,False,medium,0.85,50
Bhubaneswar,high,winter,8,poor,True,low,0.62,42
Delhi,medium,summer,8,good,False,high,0.44,29
Bhubaneswar,high,winter,12,poor,True,low,0.59,43
Bengaluru,medium,spring,4,good,False,medium,0.42,23
Patna,critical,monsoon,11,poor,True,high,0.78,65
Pune,low,winter,4,average,False,high,0.76,20
Bengaluru,medium,spring,5,good,False,medium,0.46,23
Hyderabad,low,summer,7,average,False,low,0.39,20
Delhi,medium,spring,6,good,False,medium,0.95,26
Chennai,high,winter,8,average,False,low,0.32,28
Bhubaneswar,high,spring,8,poor,True,low,0.51,46
Bhubaneswar,high,spring,11,poor,True,high,0.7,59
Kolkata,high,monsoon,9,poor,False,low,0.67,50
Nagpur,medium,winter,8,poor,True,high,0.88,41
Chennai,high,winter,11,average,False,high,0.46,37
Hyderabad,low,spring,7,average,False,medium,0.37,20
Kolkata,high,summer,11,poor,False,high,0.36,50
Bhubaneswar,high,winter,12,poor,True,high,0.61,53
Mumbai,critical,winter,12,average,False,low,0.67,38
Mumbai,critical,summer,10,average,False,high,0.86,50
Pune,low,spring,8,average,False,high,0.49,20
Bengaluru,medium,monsoon,5,good,False,high,0.88,36
Mumbai,critical,winter,10,average,False,high,0.47,45
Kolkata,high,summer,11,poor,False,medium,0.54,49
Bengaluru,medium,summer,6,good,False,low,0.75,24
Bengaluru,medium,winter,4,good,False,high,0.68,24
Delhi,medium,monsoon,10,good,False,low,0.82,30
Hyderabad,low,monsoon,4,average,False,high,0.99,27
Bhubaneswar,high,summer,9,poor,True,low,0.99,53
Mumbai,critical,monsoon,11,average,False,high,0.65,50
Mumbai,critical,winter,13,average,False,medium,0.6,42
Bhubaneswar,high,monsoon,9,poor,True,high,0.65,65
Pune,low,summer,6,average,False,high,0.39,21
Hyderabad,low,spring,4,average,False,low,0.87,20
Chennai,high,summer,9,average,False,high,0.76,46
Hyderabad,low,monsoon,4,average,False,medium,0.91,24
Mumbai,critical,monsoon,11,average,False,medium,0.77,50
Mumbai,critical,spring,11,average,False,medium,0.92,48
Kolkata,high,monsoon,8,poor,False,medium,0.7,50
Bengaluru,medium,monsoon,7,good,False,high,0.31,34
Bhubaneswar,high,spring,9,poor,True,high,0.74,59
Patna,critical,monsoon,11,poor,True,low,0.34,65
Kolkata,high,summer,11,poor,False,medium,0.33,47
Patna,critical,spring,11,poor,True,medium,0.72,65
Nagpur,medium,summer,8,poor,True,medium,0.31,42
Patna,critical,monsoon,13,poor,True,low,0.74,65
Chennai,high,winter,10,average,False,medium,0.51,33
Patna,critical,monsoon,11,poor,True,high,0.86,65
Hyderabad,low,spring,6,average,False,high,0.32,20
Hyderabad,low,monsoon,7,average,False,medium,0.39,22
Delhi,medium,spring,7,good,False,medium,0.4,23
Bengaluru,medium,summer,7,good,False,medium,0.67,27
Bengaluru,medium,spring,4,good,False,high,0.89,28
Bengaluru,medium,monsoon,6,good,False,low,0.3,26
Hyderabad,low,spring,7,average,False,low,0.72,20
Kolkata,high,spring,8,poor,False,high,0.89,50
Pune,low,monsoon,7,average,False,high,0.88,28
Delhi,medium,summer,10,good,False,low,0.58,25
Nagpur,medium,spring,7,poor,True,medium,0.38,38
Chennai,high,summer,9,average,False,high,0.69,45
Kolkata,high,monsoon,12,poor,False,low,0.88,50
Hyderabad,low,summer,7,average,False,medium,0.87,21
Kolkata,high,monsoon,12,poor,False,high,0.57,50
Patna,critical,spring,10,poor,True,low,0.36,57
Pune,low,winter,6,average,False,high,0.36,20
Mumbai,critical,spring,11,average,False,high,0.52,50
Hyderabad,low,winter,3,average,False,high,0.64,20
Bengaluru,medium,monsoon,8,good,False,low,0.56,28
Mumbai,critical,summer,11,average,False,high,0.48,50
Pune,low,spring,6,average,False,medium,1.0,20
Patna,critical,monsoon,13,poor,True,low,0.73,65
Kolkata,high,winter,10,poor,False,medium,0.67,40
Mumbai,critical,monsoon,11,average,False,high,0.68,50
Bengaluru,medium,spring,6,good,False,low,0.98,23
Pune,low,monsoon,6,average,False,medium,0.51,23
Kolkata,high,monsoon,10,poor,False,low,0.78,50
Bengaluru,medium,monsoon,4,good,False,medium,0.41,30
Mumbai,critical,spring,11,average,False,medium,0.93,48
Pune,low,winter,8,average,False,high,0.79,20
Kolkata,high,monsoon,11,poor,False,low,0.96,50
Hyderabad,low,monsoon,7,average,False,high,0.98,28
Kolkata,high,monsoon,8,poor,False,medium,0.74,50
Chennai,high,winter,8,average,False,low,0.56,29
Patna,critical,winter,14,poor,True,low,0.52,54
Patna,critical,monsoon,10,poor,True,medium,0.63,65
Chennai,high,spring,9,average,False,medium,0.65,37
Mumbai,critical,spring,12,average,False,high,0.91,50
Nagpur,medium,summer,7,poor,True,medium,0.57,43
Hyderabad,low,spring,6,average,False,medium,0.34,20
Pune,low,summer,5,average,False,low,0.75,20
Delhi,medium,summer,6,good,False,medium,0.63,27
Pune,low,spring,8,average,False,medium,0.58,20
Bengaluru,medium,summer,4,good,False,high,0.77,30
Bengaluru,medium,summer,7,good,False,low,0.79,25
Bengaluru,medium,summer,5,good,False,high,0.37,28
Nagpur,medium,summer,7,poor,True,medium,0.67,43
Patna,critical,monsoon,13,poor,True,high,0.4,65
Bengaluru,medium,summer,4,good,False,low,0.96,25
Bhubaneswar,high,spring,8,poor,True,medium,0.36,51
Delhi,medium,spring,9,good,False,medium,0.55,25
Bhubaneswar,high,summer,12,poor,True,high,0.53,65
Bhubaneswar,high,winter,9,poor,True,high,0.58,52
Nagpur,medium,spring,7,poor,True,high,0.6,43
Hyderabad,low,monsoon,3,average,False,medium,0.64,22
Hyderabad,low,spring,5,average,False,low,0.99,20
Hyderabad,low,spring,7,average,False,high,0.7,21
Hyderabad,low,winter,4,average,False,low,0.57,20
Kolkata,high,monsoon,10,poor,False,low,0.93,50
Kolkata,high,summer,9,poor,False,high,0.88,50
Bhubaneswar,high,winter,11,poor,True,low,0.71,43
Chennai,high,monsoon,11,average,False,medium,0.45,47
Kolkata,high,monsoon,8,poor,False,low,0.72,50
Pune,low,winter,7,average,False,low,0.74,20
Patna,critical,monsoon,14,poor,True,medium,0.34,65
Pune,low,summer,5,average,False,high,0.67,22
Bhubaneswar,high,winter,9,poor,True,low,0.74,43
Mumbai,critical,winter,10,average,False,high,0.57,46
Kolkata,high,spring,12,poor,False,high,0.64,50
Nagpur,medium,spring,6,poor,True,low,0.65,35
Hyderabad,low,winter,7,average,False,low,0.66,20
Mumbai,critical,spring,9,average,False,medium,0.97,48
Patna,critical,winter,11,poor,True,high,0.93,65
Chennai,high,summer,10,average,False,high,0.53,45
Nagpur,medium,spring,5,poor,True,high,0.96,44
Patna,critical,summer,13,poor,True,medium,0.83,65
Patna,critical,spring,10,poor,True,low,0.99,61
Hyderabad,low,winter,3,average,False,medium,0.95,20
Delhi,medium,winter,9,good,False,low,0.77,21
Mumbai,critical,spring,11,average,False,low,0.59,41
Bengaluru,medium,spring,4,good,False,medium,0.99,25
Mumbai,critical,monsoon,13,average,False,high,0.42,50
Bengaluru,medium,monsoon,5,good,False,low,0.45,27
Bhubaneswar,high,winter,12,poor,True,medium,0.53,48
Delhi,medium,winter,6,good,False,low,0.85,20
Mumbai,critical,winter,13,average,False,medium,0.91,44
Kolkata,high,summer,11,poor,False,high,0.74,50
Pune,low,monsoon,6,average,False,medium,0.87,25
Chennai,high,winter,10,average,False,low,0.35,29
Chennai,high,summer,8,average,False,low,0.4,35
Mumbai,critical,spring,13,average,False,medium,0.66,47
Kolkata,high,monsoon,11,poor,False,low,0.58,50
Nagpur,medium,spring,9,poor,True,medium,0.93,41
Patna,critical,summer,10,poor,True,medium,0.55,65
Pune,low,winter,6,average,False,low,0.71,20
Delhi,medium,winter,6,good,False,high,0.63,24
Pune,low,winter,8,average,False,medium,0.35,20
Nagpur,medium,winter,6,poor,True,low,0.85,32
Bengaluru,medium,winter,6,good,False,high,0.82,25
Patna,critical,winter,14,poor,True,medium,0.66,61
Chennai,high,winter,10,average,False,high,0.94,39
Chennai,high,spring,7,average,False,medium,0.5,36
Delhi,medium,summer,8,good,False,high,0.47,29
Kolkata,high,summer,10,poor,False,medium,0.37,47
Mumbai,critical,winter,13,average,False,low,0.34,37
Mumbai,critical,monsoon,9,average,False,high,0.39,50
Mumbai,critical,monsoon,9,average,False,high,0.32,50
Delhi,medium,summer,7,good,False,high,0.87,31
Mumbai,critical,summer,11,average,False,high,0.7,50
Mumbai,critical,summer,10,average,False,low,0.57,45
Patna,critical,summer,14,poor,True,medium,0.71,65
Kolkata,high,spring,8,poor,False,low,0.36,38
Bhubaneswar,high,monsoon,8,poor,True,medium,0.5,65
Bengaluru,medium,summer,4,good,False,low,0.31,22
Nagpur,medium,summer,9,poor,True,high,0.51,48
Chennai,high,spring,9,average,False,high,0.92,42
Pune,low,summer,7,average,False,low,0.76,20
Delhi,medium,summer,10,good,False,medium,0.82,29
Patna,critical,spring,12,poor,True,low,0.46,58
Patna,critical,monsoon,14,poor,True,low,0.45,65
Bhubaneswar,high,summer,11,poor,True,high,0.77,65
Bhubaneswar,high,spring,8,poor,True,low,0.52,46
Nagpur,medium,spring,9,poor,True,low,0.57,35
Bhubaneswar,high,winter,12,poor,True,low,0.41,42
Delhi,medium,spring,9,good,False,low,0.39,21
Delhi,medium,summer,10,good,False,medium,0.7,28
Bhubaneswar,high,winter,10,poor,True,medium,0.4,47
Kolkata,high,spring,12,poor,False,low,0.58,40
Mumbai,critical,monsoon,9,average,False,low,0.83,50
Pune,low,winter,4,average,False,low,0.97,20
Pune,low,monsoon,6,average,False,high,0.34,24
Kolkata,high,spring,10,poor,False,medium,0.52,44
Bengaluru,medium,winter,5,good,False,high,0.51,23
Pune,low,winter,5,average,False,medium,0.49,20
Kolkata,high,spring,9,poor,False,low,0.9,41
Patna,critical,winter,10,poor,True,medium,0.75,60
Bhubaneswar,high,winter,10,poor,True,medium,0.52,47
Mumbai,critical,winter,13,average,False,medium,0.61,42
Hyderabad,low,monsoon,5,average,False,low,0.96,22
Kolkata,high,winter,8,poor,False,high,0.79,45
Nagpur,medium,spring,8,poor,True,low,0.91,37
Kolkata,high,summer,10,poor,False,high,0.63,50
Kolkata,high,winter,11,poor,False,low,0.42,35
Bhubaneswar,high,summer,8,poor,True,medium,0.58,57
Hyderabad,low,summer,5,average,False,low,0.63,20
Hyderabad,low,spring,5,average,False,low,0.37,20
Bengaluru,medium,monsoon,8,good,False,high,0.55,35
Chennai,high,spring,10,average,False,low,0.73,34
Kolkata,high,monsoon,9,poor,False,low,0.35,49
Delhi,medium,spring,8,good,False,medium,0.96,26
Patna,critical,monsoon,14,poor,True,medium,0.94,65
Chennai,high,monsoon,10,average,False,medium,0.54,48
Delhi,medium,monsoon,10,good,False,low,0.65,29
Patna,critical,monsoon,12,poor,True,medium,0.63,65
Hyderabad,low,monsoon,3,average,False,medium,0.59,22
Hyderabad,low,summer,7,average,False,medium,0.44,20
Delhi,medium,monsoon,6,good,False,low,0.62,28
Bhubaneswar,high,winter,9,poor,True,high,0.76,53
Kolkata,high,summer,8,poor,False,high,0.48,50
Mumbai,critical,summer,13,average,False,high,0.59,50
Patna,critical,monsoon,10,poor,True,low,0.94,65
Kolkata,high,monsoon,9,poor,False,low,0.83,50
Chennai,high,monsoon,7,average,False,low,0.6,42
Nagpur,medium,spring,8,poor,True,high,0.54,43
Chennai,high,spring,8,average,False,high,0.82,42
Kolkata,high,monsoon,9,poor,False,low,0.83,50
Nagpur,medium,spring,5,poor,True,high,0.36,41
Kolkata,high,summer,8,poor,False,high,0.78,50
Bhubaneswar,high,summer,9,poor,True,low,0.77,52
Bhubaneswar,high,monsoon,9,poor,True,low,0.87,62
Delhi,medium,monsoon,7,good,False,high,0.92,37
Chennai,high,spring,8,average,False,low,0.49,32
Bhubaneswar,high,monsoon,8,poor,True,low,0.53,60
Bhubaneswar,high,winter,10,poor,True,medium,0.54,47
Nagpur,medium,winter,5,poor,True,medium,0.47,34
Nagpur,medium,spring,7,poor,True,medium,0.69,39
Pune,low,spring,6,average,False,medium,0.56,20
Kolkata,high,winter,11,poor,False,medium,0.65,40
Patna,critical,monsoon,11,poor,True,high,0.97,65
Delhi,medium,winter,7,good,False,high,0.52,24
Pune,low,summer,6,average,False,low,0.39,20
Delhi,medium,winter,7,good,False,high,0.33,23
Hyderabad,low,summer,7,average,False,high,0.97,24
Hyderabad,low,summer,6,average,False,low,0.9,20
Nagpur,medium,monsoon,8,poor,True,high,0.89,58
Chennai,high,summer,9,average,False,low,0.99,38
Hyderabad,low,winter,6,average,False,low,0.91,20
Bengaluru,medium,monsoon,6,good,False,medium,0.42,30
Chennai,high,summer,10,average,False,medium,0.76,41
Patna,critical,spring,10,poor,True,medium,0.38,65
Bhubaneswar,high,monsoon,10,poor,True,medium,0.45,65
Chennai,high,winter,8,average,False,high,0.97,38
Bhubaneswar,high,summer,11,poor,True,high,0.9,65
Patna,critical,summer,14,poor,True,medium,0.83,65
Chennai,high,spring,11,average,False,medium,0.84,38
Mumbai,critical,winter,13,average,False,medium,0.62,42
Patna,critical,winter,12,poor,True,medium,0.74,61
Delhi,medium,winter,6,good,False,high,0.69,25
Bengaluru,medium,spring,5,good,False,low,0.88,22
Bengaluru,medium,summer,7,good,False,high,0.6,30
Mumbai,critical,winter,10,average,False,low,0.75,38
Nagpur,medium,spring,5,poor,True,low,0.83,35
Chennai,high,spring,9,average,False,medium,0.63,37
Bengaluru,medium,monsoon,8,good,False,low,0.44,28
Kolkata,high,spring,9,poor,False,high,0.9,50
Patna,critical,summer,12,poor,True,high,0.57,65
Nagpur,medium,spring,5,poor,True,high,0.46,42
Patna,critical,monsoon,10,poor,True,medium,0.87,65
Bengaluru,medium,summer,4,good,False,high,0.7,29
Nagpur,medium,monsoon,7,poor,True,high,0.68,57
Pune,low,summer,5,average,False,high,0.91,23
Bhubaneswar,high,spring,11,poor,True,high,0.72,59
Chennai,high,summer,7,average,False,high,0.54,44
Delhi,medium,winter,9,good,False,low,0.92,22
Patna,critical,summer,12,poor,True,low,0.45,64
Pune,low,winter,5,average,False,medium,0.6,20
Bhubaneswar,high,monsoon,11,poor,True,high,0.61,65
Hyderabad,low,winter,4,average,False,high,0.94,20
Chennai,high,spring,7,average,False,high,0.52,40
Mumbai,critical,winter,9,average,False,low,0.88,38
Nagpur,medium,spring,8,poor,True,high,0.72,44
Bengaluru,medium,spring,8,good,False,medium,0.58,25
Chennai,high,summer,8,average,False,medium,0.77,41
Bhubaneswar,high,spring,12,poor,True,low,0.55,47
Bengaluru,medium,spring,4,good,False,medium,0.68,24
Bhubaneswar,high,monsoon,8,poor,True,medium,0.32,65
Bengaluru,medium,winter,6,good,False,high,0.58,24
Delhi,medium,monsoon,9,good,False,medium,0.51,32
Bhubaneswar,high,spring,8,poor,True,high,0.73,59
Delhi,medium,spring,7,good,False,high,0.44,26
Bengaluru,medium,spring,5,good,False,medium,0.98,26
Pune,low,summer,7,average,False,medium,0.41,20
Mumbai,critical,winter,12,average,False,medium,0.9,44
Mumbai,critical,monsoon,12,average,False,high,0.66,50
Bengaluru,medium,monsoon,5,good,False,low,0.73,28
Hyderabad,low,winter,5,average,False,medium,0.44,20
Hyderabad,low,winter,7,average,False,low,0.89,20
Mumbai,critical,monsoon,13,average,False,low,0.85,50
Patna,critical,winter,12,poor,True,high,0.5,65
Bhubaneswar,high,summer,12,poor,True,high,0.69,65
Nagpur,medium,monsoon,9,poor,True,low,0.51,45
Pune,low,monsoon,5,average,False,medium,0.67,23
Delhi,medium,summer,7,good,False,medium,0.37,26
Mumbai,critical,monsoon,11,average,False,high,0.7,50
Bengaluru,medium,monsoon,8,good,False,medium,0.57,32
Kolkata,high,summer,11,poor,False,medium,0.81,50
Delhi,medium,spring,6,good,False,medium,0.71,25
Nagpur,medium,summer,7,poor,True,low,0.74,39
Patna,critical,monsoon,11,poor,True,low,0.4,65
Bengaluru,medium,monsoon,8,good,False,high,0.57,35
Kolkata,high,monsoon,12,poor,False,medium,0.69,50
Delhi,medium,monsoon,9,good,False,low,0.65,29
Chennai,high,monsoon,11,average,False,medium,0.54,48
Pune,low,monsoon,5,average,False,medium,0.69,23
Delhi,medium,monsoon,8,good,False,medium,0.77,33
Hyderabad,low,spring,7,average,False,high,0.47,20
Nagpur,medium,summer,7,poor,True,medium,0.35,42
Patna,critical,spring,13,poor,True,medium,0.44,65
Patna,critical,spring,11,poor,True,medium,0.7,65
Pune,low,monsoon,4,average,False,medium,0.57,22
Pune,low,spring,4,average,False,high,0.48,20
Chennai,high,summer,8,average,False,low,0.9,37
Kolkata,high,monsoon,12,poor,False,medium,0.56,50
Bhubaneswar,high,winter,11,poor,True,high,0.98,55
Bhubaneswar,high,monsoon,11,poor,True,high,0.72,65
Nagpur,medium,summer,8,poor,True,medium,0.74,44
Hyderabad,low,monsoon,5,average,False,medium,0.83,24
Kolkata,high,spring,8,poor,False,medium,0.34,42
Nagpur,medium,monsoon,5,poor,True,high,0.42,55
Kolkata,high,summer,10,poor,False,high,0.45,50
Nagpur,medium,winter,6,poor,True,medium,0.83,36
Delhi,medium,winter,9,good,False,medium,0.56,22
Kolkata,high,spring,9,poor,False,low,0.78,40
Bhubaneswar,high,monsoon,11,poor,True,low,0.71,62
Patna,critical,spring,14,poor,True,high,0.75,65
Bhubaneswar,high,spring,12,poor,True,high,0.39,58
Delhi,medium,winter,7,good,False,low,0.77,20
Mumbai,critical,winter,12,average,False,high,0.56,46
Bengaluru,medium,winter,7,good,False,medium,0.96,24
Pune,low,summer,8,average,False,high,0.4,21
Pune,low,spring,8,average,False,low,0.97,20
Bengaluru,medium,spring,8,good,False,medium,0.32,23
Bhubaneswar,high,summer,8,poor,True,high,0.68,64
Kolkata,high,spring,11,poor,False,low,0.39,39
Delhi,medium,summer,7,good,False,high,0.77,31
Bhubaneswar,high,monsoon,11,poor,True,high,0.53,65
Nagpur,medium,summer,9,poor,True,low,0.44,38
Patna,critical,winter,14,poor,True,high,0.57,65
Mumbai,critical,monsoon,12,average,False,medium,0.99,50
Delhi,medium,spring,9,good,False,high,0.58,28
Delhi,medium,spring,10,good,False,low,0.75,23
Hyderabad,low,monsoon,5,average,False,low,0.68,21
Patna,critical,winter,11,poor,True,high,0.72,65
Patna,critical,winter,14,poor,True,medium,0.82,62
Bhubaneswar,high,spring,11,poor,True,high,0.5,58
Chennai,high,winter,8,average,False,high,0.58,36
Nagpur,medium,winter,6,poor,True,medium,0.41,34
Chennai,high,monsoon,10,average,False,high,0.5,50
Bengaluru,medium,winter,5,good,False,high,0.78,25
Pune,low,monsoon,6,average,False,low,0.65,21
Nagpur,medium,summer,8,poor,True,medium,0.71,44
Bengaluru,medium,spring,7,good,False,medium,0.98,26
Kolkata,high,summer,9,poor,False,high,1.0,50
Chennai,high,spring,11,average,False,low,0.91,35
Bhubaneswar,high,winter,12,poor,True,low,0.88,44
Hyderabad,low,summer,3,average,False,medium,0.89,20
Mumbai,critical,monsoon,13,average,False,medium,0.42,50
Bengaluru,medium,spring,7,good,False,low,0.63,22
Pune,low,summer,7,average,False,high,0.53,22
Delhi,medium,monsoon,10,good,False,low,0.99,31
Bhubaneswar,high,summer,12,poor,True,low,0.92,54
Bhubaneswar,high,monsoon,10,poor,True,low,0.67,61
Chennai,high,spring,7,average,False,low,0.75,33
Hyderabad,low,summer,3,average,False,high,0.84,22
Patna,critical,monsoon,13,poor,True,high,0.96,65
Mumbai,critical,spring,10,average,False,high,0.38,50
Nagpur,medium,summer,9,poor,True,low,0.67,39
Bhubaneswar,high,spring,9,poor,True,low,0.92,48
Chennai,high,winter,8,average,False,low,0.73,30
Nagpur,medium,monsoon,8,poor,True,medium,0.5,50
Hyderabad,low,spring,7,average,False,medium,0.53,20
Patna,critical,summer,12,poor,True,high,1.0,65
Mumbai,critical,monsoon,13,average,False,low,0.36,50
Mumbai,critical,summer,13,average,False,medium,0.34,50
Bengaluru,medium,spring,7,good,False,high,0.91,29
Nagpur,medium,winter,7,poor,True,high,0.7,39
Pune,low,summer,4,average,False,high,0.87,23
Mumbai,critical,spring,10,average,False,medium,0.96,48
Patna,critical,summer,12,poor,True,low,0.67,65
Bengaluru,medium,winter,4,good,False,high,1.0,26
Hyderabad,low,monsoon,5,average,False,low,0.67,21
Bengaluru,medium,spring,8,good,False,medium,0.39,24
Bengaluru,medium,spring,8,good,False,high,0.49,27
Nagpur,medium,monsoon,9,poor,True,medium,0.36,50
Mumbai,critical,spring,10,average,False,high,0.9,50
Mumbai,critical,winter,9,average,False,high,0.54,45
Patna,critical,winter,13,poor,True,high,0.66,65
Mumbai,critical,summer,12,average,False,high,0.43,50
Chennai,high,monsoon,9,average,False,low,0.43,41
Pune,low,spring,5,average,False,medium,0.36,20
Delhi,medium,winter,6,good,False,high,0.47,23
Nagpur,medium,monsoon,6,poor,True,low,0.57,45
Kolkata,high,winter,8,poor,False,low,0.8,36
Nagpur,medium,winter,7,poor,True,low,0.69,32
Bengaluru,medium,winter,7,good,False,high,0.92,26
Delhi,medium,winter,9,good,False,high,0.34,24
Bengaluru,medium,winter,4,good,False,high,0.82,25
Bhubaneswar,high,summer,11,poor,True,medium,0.3,57
Pune,low,monsoon,5,average,False,medium,0.67,23
Bhubaneswar,high,summer,11,poor,True,low,0.78,53
Mumbai,critical,spring,11,average,False,low,0.65,42
Delhi,medium,monsoon,7,good,False,medium,0.99,34
Mumbai,critical,monsoon,10,average,False,low,0.32,50
Delhi,medium,summer,7,good,False,low,0.96,26
Kolkata,high,monsoon,10,poor,False,low,0.35,50
Chennai,high,winter,11,average,False,medium,0.39,33
Pune,low,spring,4,average,False,medium,0.83,20
Bhubaneswar,high,summer,10,poor,True,high,0.56,64
Nagpur,medium,monsoon,8,poor,True,low,0.59,45
Bengaluru,medium,summer,8,good,False,medium,0.55,27
Nagpur,medium,spring,5,poor,True,high,0.9,44
Kolkata,high,summer,11,poor,False,high,0.34,50
Patna,critical,monsoon,10,poor,True,high,0.59,65
Bengaluru,medium,spring,6,good,False,low,0.84,23
Pune,low,winter,6,average,False,medium,0.99,20
Hyderabad,low,spring,7,average,False,high,0.37,20
Nagpur,medium,monsoon,5,poor,True,high,0.83,57
Mumbai,critical,winter,13,average,False,medium,0.71,43
Pune,low,summer,5,average,False,medium,0.8,20
Mumbai,critical,spring,11,average,False,high,0.64,50
Delhi,medium,monsoon,6,good,False,low,0.65,28
Patna,critical,monsoon,11,poor,True,high,0.69,65
Pune,low,summer,8,average,False,low,0.41,20
Pune,low,winter,5,average,False,medium,0.74,20
Chennai,high,summer,11,average,False,high,0.75,46
Kolkata,high,monsoon,12,poor,False,low,0.88,50
Kolkata,high,summer,12,poor,False,medium,0.65,49
Bhubaneswar,high,winter,9,poor,True,low,0.78,43
Delhi,medium,winter,6,good,False,medium,0.71,22
Delhi,medium,spring,7,good,False,medium,0.77,25
Hyderabad,low,winter,6,average,False,high,0.39,20
Bengaluru,medium,spring,8,good,False,low,0.52,22
Bhubaneswar,high,spring,9,poor,True,low,0.48,46
Kolkata,high,summer,11,poor,False,medium,0.98,50
Bhubaneswar,high,spring,10,poor,True,high,0.95,60
Kolkata,high,summer,9,poor,False,low,0.61,43
Mumbai,critical,spring,13,average,False,low,0.32,40
Bhubaneswar,high,winter,10,poor,True,high,0.89,54
Kolkata,high,monsoon,9,poor,False,low,0.36,49
Delhi,medium,winter,6,good,False,low,0.39,20
Pune,low,summer,4,average,False,low,0.61,20
Mumbai,critical,winter,11,average,False,medium,0.88,43
Bhubaneswar,high,summer,8,poor,True,medium,0.62,58
Kolkata,high,summer,9,poor,False,medium,0.52,48
Kolkata,high,summer,8,poor,False,low,0.98,45
Chennai,high,winter,8,average,False,high,0.55,36
Hyderabad,low,summer,4,average,False,medium,0.51,20
Bhubaneswar,high,spring,12,poor,True,medium,0.77,54
Chennai,high,spring,11,average,False,low,0.91,35
Nagpur,medium,spring,7,poor,True,high,0.91,45
Kolkata,high,monsoon,9,poor,False,medium,0.59,50
Patna,critical,winter,10,poor,True,high,0.77,65
Kolkata,high,summer,10,poor,False,medium,0.87,50
Nagpur,medium,spring,6,poor,True,medium,0.61,39
Patna,critical,summer,10,poor,True,low,0.78,65
Bhubaneswar,high,summer,11,poor,True,high,0.43,64
Kolkata,high,winter,8,poor,False,high,0.31,42
Kolkata,high,winter,12,poor,False,high,0.68,45
Patna,critical,winter,12,poor,True,high,0.32,65
Mumbai,critical,summer,11,average,False,low,0.78,46
Bhubaneswar,high,winter,9,poor,True,high,0.39,51
Delhi,medium,summer,6,good,False,high,0.73,30
Pune,low,monsoon,5,average,False,high,0.37,24
Mumbai,critical,monsoon,13,average,False,medium,0.73,50
Delhi,medium,monsoon,7,good,False,medium,0.88,33
Kolkata,high,summer,11,poor,False,low,0.97,45
Bengaluru,medium,summer,4,good,False,high,0.6,29
Hyderabad,low,spring,7,average,False,medium,0.45,20
Mumbai,critical,monsoon,11,average,False,medium,0.73,50
Bhubaneswar,high,summer,8,poor,True,low,0.94,53
Nagpur,medium,spring,8,poor,True,low,0.75,36
Kolkata,high,winter,8,poor,False,medium,0.72,40
Bhubaneswar,high,winter,11,poor,True,low,0.95,45
Bhubaneswar,high,winter,9,poor,True,medium,0.51,47
Bhubaneswar,high,monsoon,10,poor,True,low,0.94,63
Pune,low,summer,5,average,False,high,0.37,20
Delhi,medium,summer,9,good,False,medium,0.78,28
Chennai,high,spring,9,average,False,medium,0.37,36
Patna,critical,winter,10,poor,True,medium,0.66,60
Hyderabad,low,spring,5,average,False,medium,0.62,20
Bengaluru,medium,summer,8,good,False,high,0.42,29
Patna,critical,monsoon,11,poor,True,high,0.45,65
Pune,low,winter,8,average,False,medium,0.42,20
Chennai,high,spring,10,average,False,low,0.4,32
Chennai,high,summer,8,average,False,medium,0.63,40
Chennai,high,winter,8,average,False,low,0.39,28
Mumbai,critical,spring,10,average,False,low,0.46,40
Hyderabad,low,monsoon,6,average,False,high,0.6,26
Pune,low,spring,6,average,False,high,0.83,21
Bhubaneswar,high,spring,9,poor,True,low,0.42,46
Bhubaneswar,high,summer,8,poor,True,high,0.63,64
Delhi,medium,summer,6,good,False,high,0.74,30
Patna,critical,winter,11,poor,True,high,0.78,65
Bengaluru,medium,monsoon,5,good,False,high,0.37,33
Pune,low,spring,6,average,False,medium,0.99,20
Delhi,medium,monsoon,7,good,False,medium,0.31,30
Delhi,medium,monsoon,9,good,False,medium,0.3,31
Patna,critical,monsoon,14,poor,True,low,0.76,65
Bengaluru,medium,summer,7,good,False,medium,0.86,28
Kolkata,high,summer,12,poor,False,high,0.34,50
Chennai,high,monsoon,9,average,False,medium,0.45,47
Mumbai,critical,monsoon,9,average,False,high,0.36,50
Bhubaneswar,high,monsoon,10,poor,True,medium,0.66,65
Mumbai,critical,summer,12,average,False,low,0.87,47
Patna,critical,monsoon,14,poor,True,medium,0.34,65
Delhi,medium,spring,7,good,False,high,0.89,29
Bhubaneswar,high,monsoon,11,poor,True,medium,0.81,65
Patna,critical,monsoon,14,poor,True,medium,0.35,65
Kolkata,high,monsoon,10,poor,False,high,0.32,50
Patna,critical,monsoon,14,poor,True,medium,0.86,65
Bhubaneswar,high,summer,9,poor,True,high,0.8,65
Pune,low,monsoon,5,average,False,medium,0.4,22
Nagpur,medium,spring,8,poor,True,medium,0.49,39
Delhi,medium,winter,10,good,False,medium,0.65,23
Patna,critical,winter,10,poor,True,low,0.9,54
Patna,critical,winter,14,poor,True,low,0.83,55
Nagpur,medium,winter,7,poor,True,medium,0.6,35
Mumbai,critical,spring,10,average,False,medium,0.83,47
Patna,critical,summer,12,poor,True,high,0.81,65
Pune,low,winter,5,average,False,high,0.61,20
Hyderabad,low,summer,3,average,False,medium,0.72,20
Chennai,high,winter,7,average,False,low,0.79,30
Hyderabad,low,monsoon,4,average,False,high,1.0,27
Bhubaneswar,high,spring,8,poor,True,high,0.7,58
Chennai,high,monsoon,8,average,False,medium,0.3,46
Delhi,medium,winter,6,good,False,medium,0.36,20
Bhubaneswar,high,monsoon,9,poor,True,low,0.95,62
Kolkata,high,winter,9,poor,False,high,0.74,45
Patna,critical,monsoon,14,poor,True,low,0.45,65
Bengaluru,medium,monsoon,4,good,False,high,0.95,36
Bhubaneswar,high,monsoon,10,poor,True,medium,0.57,65
Bhubaneswar,high,spring,10,poor,True,medium,0.55,53
Chennai,high,winter,9,average,False,medium,0.98,35
Bengaluru,medium,spring,8,good,False,low,0.47,21
Bengaluru,medium,summer,4,good,False,low,0.3,21
Delhi,medium,spring,10,good,False,high,0.53,28
Nagpur,medium,winter,8,poor,True,low,0.78,32
Mumbai,critical,spring,12,average,False,low,0.46,41
Bhubaneswar,high,summer,10,poor,True,medium,0.49,57
Delhi,medium,monsoon,8,good,False,medium,0.99,34
Bhubaneswar,high,monsoon,8,poor,True,high,0.39,65
Kolkata,high,monsoon,9,poor,False,high,0.74,50
Hyderabad,low,summer,3,average,False,high,0.89,22
Kolkata,high,winter,11,poor,False,high,0.77,45
Nagpur,medium,monsoon,8,poor,True,low,0.88,47
Delhi,medium,spring,10,good,False,high,0.96,30
Hyderabad,low,winter,5,average,False,high,0.56,20
Chennai,high,winter,11,average,False,low,0.97,32
Pune,low,summer,5,average,False,high,0.31,20
Delhi,medium,winter,10,good,False,high,0.54,25
Bengaluru,medium,summer,8,good,False,high,0.8,31
Kolkata,high,spring,9,poor,False,high,0.65,49
Bhubaneswar,high,monsoon,8,poor,True,high,0.87,65
Chennai,high,winter,11,average,False,high,0.45,37
Patna,critical,summer,12,poor,True,low,0.66,65
Hyderabad,low,monsoon,7,average,False,high,0.86,27
Mumbai,critical,spring,13,average,False,low,0.44,41
Nagpur,medium,monsoon,5,poor,True,medium,0.77,51
Delhi,medium,spring,9,good,False,high,0.9,29
Pune,low,summer,7,average,False,high,0.37,21
Pune,low,spring,5,average,False,high,0.97,21
Delhi,medium,winter,9,good,False,high,0.75,26
Kolkata,high,spring,8,poor,False,medium,0.91,45
Chennai,high,monsoon,10,average,False,medium,0.33,46
Pune,low,spring,6,average,False,medium,0.79,20
Pune,low,summer,4,average,False,high,0.87,23
Chennai,high,winter,7,average,False,low,0.97,31
Bengaluru,medium,monsoon,6,good,False,high,0.65,35
Delhi,medium,winter,6,good,False,low,0.69,20
Patna,critical,summer,14,poor,True,medium,0.7,65
Kolkata,high,winter,12,poor,False,medium,0.53,40
Bengaluru,medium,monsoon,5,good,False,high,0.37,33
Bhubaneswar,high,summer,12,poor,True,medium,0.51,58
Pune,low,spring,6,average,False,medium,0.5,20
Mumbai,critical,summer,13,average,False,medium,0.53,50
Chennai,high,spring,7,average,False,medium,0.62,36
Bengaluru,medium,summer,5,good,False,high,0.8,30
Kolkata,high,winter,11,poor,False,medium,0.5,40
Pune,low,summer,8,average,False,medium,0.94,22
Bhubaneswar,high,summer,9,poor,True,medium,0.43,57
Bhubaneswar,high,winter,10,poor,True,low,0.5,42
Chennai,high,monsoon,10,average,False,medium,0.44,47
Kolkata,high,winter,8,poor,False,low,0.95,37
Delhi,medium,monsoon,7,good,False,high,0.79,36
Mumbai,critical,spring,12,average,False,medium,0.77,47
Mumbai,critical,monsoon,13,average,False,low,0.57,50
Chennai,high,spring,10,average,False,medium,0.51,37
Hyderabad,low,summer,7,average,False,medium,0.44,20
Delhi,medium,spring,9,good,False,medium,0.95,27
Pune,low,winter,5,average,False,low,0.63,20
Nagpur,medium,monsoon,7,poor,True,high,0.38,55
Delhi,medium,winter,7,good,False,medium,0.64,22
Mumbai,critical,summer,11,average,False,low,0.71,46
Mumbai,critical,summer,12,average,False,low,0.32,44
Hyderabad,low,monsoon,5,average,False,low,0.4,20
Kolkata,high,summer,11,poor,False,medium,0.81,50
Hyderabad,low,spring,6,average,False,medium,0.62,20
Patna,critical,winter,12,poor,True,high,0.75,65
Delhi,medium,summer,8,good,False,high,0.34,29
Delhi,medium,monsoon,8,good,False,high,0.53,35
Pune,low,summer,4,average,False,low,0.38,20
Chennai,high,spring,9,average,False,medium,0.48,36
Nagpur,medium,summer,6,poor,True,low,0.3,36
Kolkata,high,monsoon,8,poor,False,medium,0.89,50
Patna,critical,winter,13,poor,True,low,0.58,54
Delhi,medium,winter,7,good,False,low,0.84,21
Bhubaneswar,high,spring,10,poor,True,medium,0.52,52
Nagpur,medium,spring,6,poor,True,medium,0.39,38
Nagpur,medium,spring,7,poor,True,high,0.37,42
Delhi,medium,monsoon,7,good,False,high,0.85,36
Pune,low,winter,7,average,False,low,0.56,20
Hyderabad,low,monsoon,6,average,False,medium,0.85,24
Patna,critical,winter,13,poor,True,high,0.69,65
Bhubaneswar,high,monsoon,11,poor,True,low,0.75,62
Nagpur,medium,winter,9,poor,True,low,0.37,31
Bhubaneswar,high,winter,9,poor,True,high,0.83,54
Delhi,medium,summer,10,good,False,medium,0.31,26
Patna,critical,winter,12,poor,True,medium,0.58,60
Mumbai,critical,winter,12,average,False,high,0.77,47
Chennai,high,spring,8,average,False,low,0.9,34
Mumbai,critical,summer,9,average,False,medium,0.89,50
Delhi,medium,spring,8,good,False,low,0.51,22
Delhi,medium,summer,7,good,False,high,0.68,30
Delhi,medium,spring,10,good,False,medium,0.56,25
Kolkata,high,spring,12,poor,False,low,0.66,40
Chennai,high,winter,10,average,False,high,0.61,37
Hyderabad,low,summer,3,average,False,medium,0.62,20
Nagpur,medium,winter,7,poor,True,medium,0.97,37
Hyderabad,low,monsoon,6,average,False,medium,0.92,25
Pune,low,monsoon,5,average,False,medium,0.31,21
Nagpur,medium,winter,7,poor,True,low,0.84,32
Kolkata,high,spring,12,poor,False,low,0.31,39
Delhi,medium,spring,9,good,False,low,0.55,22
Bengaluru,medium,monsoon,8,good,False,high,0.54,35
Chennai,high,summer,11,average,False,high,0.52,45
Hyderabad,low,monsoon,5,average,False,high,0.55,25
Bengaluru,medium,summer,5,good,False,high,0.97,31
Mumbai,critical,winter,12,average,False,medium,0.34,41
Chennai,high,summer,9,average,False,medium,0.68,41
Pune,low,summer,5,average,False,medium,0.82,20
Nagpur,medium,summer,8,poor,True,high,0.5,47
Nagpur,medium,winter,9,poor,True,low,0.74,33
Pune,low,spring,7,average,False,low,0.49,20
Nagpur,medium,summer,6,poor,True,high,1.0,49
Pune,low,spring,6,average,False,low,0.84,20
Bhubaneswar,high,spring,8,poor,True,high,0.94,60
Pune,low,winter,7,average,False,high,0.63,20
Chennai,high,monsoon,11,average,False,low,0.62,43
Nagpur,medium,winter,5,poor,True,medium,0.76,35
Patna,critical,winter,12,poor,True,high,0.33,65
Hyderabad,low,summer,7,average,False,medium,0.92,22
Hyderabad,low,summer,6,average,False,low,0.32,20
Mumbai,critical,winter,11,average,False,medium,0.82,43
Hyderabad,low,winter,4,average,False,medium,0.36,20
Chennai,high,spring,9,average,False,high,0.79,42
Bhubaneswar,high,spring,10,poor,True,low,0.94,49
Chennai,high,spring,9,average,False,medium,0.44,36
Bengaluru,medium,spring,4,good,False,low,0.67,21
Nagpur,medium,monsoon,9,poor,True,high,0.96,59
Bhubaneswar,high,winter,11,poor,True,low,0.58,43
Patna,critical,winter,11,poor,True,high,0.81,65
Kolkata,high,monsoon,11,poor,False,low,0.4,50
Delhi,medium,monsoon,6,good,False,medium,0.81,32
Nagpur,medium,summer,6,poor,True,medium,0.81,44
Bhubaneswar,high,spring,8,poor,True,high,0.84,59
Bengaluru,medium,summer,4,good,False,medium,0.39,25
Kolkata,high,monsoon,10,poor,False,low,0.44,50
Hyderabad,low,monsoon,4,average,False,low,0.74,21
Chennai,high,winter,9,average,False,medium,0.72,34
Delhi,medium,winter,7,good,False,high,0.32,23
Pune,low,monsoon,4,average,False,high,0.58,25
Kolkata,high,spring,9,poor,False,high,0.49,48
Chennai,high,winter,8,average,False,low,0.87,31
Delhi,medium,summer,9,good,False,low,0.35,23
Chennai,high,spring,8,average,False,low,0.75,33
Patna,critical,monsoon,11,poor,True,high,0.74,65
Nagpur,medium,monsoon,8,poor,True,high,0.81,58
Mumbai,critical,monsoon,13,average,False,low,0.58,50
Kolkata,high,spring,9,poor,False,low,0.6,39
Chennai,high,summer,10,average,False,high,0.51,45
Pune,low,summer,4,average,False,high,0.39,20
Nagpur,medium,winter,5,poor,True,low,0.46,30
Chennai,high,summer,7,average,False,low,0.63,35
Patna,critical,spring,12,poor,True,low,0.5,59
Patna,critical,summer,12,poor,True,medium,0.95,65
Nagpur,medium,spring,5,poor,True,medium,0.86,40
Delhi,medium,winter,6,good,False,low,0.82,20
Bengaluru,medium,winter,8,good,False,medium,0.97,24
Pune,low,summer,8,average,False,high,0.81,23
Mumbai,critical,winter,13,average,False,high,0.69,47
Nagpur,medium,monsoon,9,poor,True,medium,0.35,50
Pune,low,winter,6,average,False,high,0.34,20
Delhi,medium,winter,9,good,False,medium,0.98,24
Patna,critical,summer,14,poor,True,medium,0.65,65
Patna,critical,summer,10,poor,True,low,0.47,64
Bhubaneswar,high,spring,10,poor,True,high,0.52,58
Hyderabad,low,spring,3,average,False,low,0.83,20
Chennai,high,winter,11,average,False,high,0.92,39
Chennai,high,monsoon,11,average,False,high,0.58,50
Kolkata,high,summer,11,poor,False,medium,0.79,50
Kolkata,high,summer,8,poor,False,medium,0.69,48
Bengaluru,medium,summer,7,good,False,high,0.35,29
Nagpur,medium,spring,9,poor,True,low,0.92,37
Chennai,high,monsoon,10,average,False,medium,0.77,49
Chennai,high,winter,11,average,False,high,0.5,37
Patna,critical,spring,12,poor,True,low,0.73,60
Chennai,high,monsoon,9,average,False,low,0.38,41
Chennai,high,spring,7,average,False,high,0.72,41
Bengaluru,medium,spring,6,good,False,high,0.67,27
Bhubaneswar,high,monsoon,10,poor,True,medium,0.93,65
Pune,low,winter,6,average,False,medium,0.72,20
Hyderabad,low,monsoon,3,average,False,medium,0.67,23
Patna,critical,spring,10,poor,True,high,0.6,65
Nagpur,medium,winter,9,poor,True,medium,0.64,36
Bhubaneswar,high,summer,11,poor,True,medium,0.42,57
Kolkata,high,winter,11,poor,False,medium,0.82,41
Pune,low,winter,7,average,False,low,0.77,20
Delhi,medium,summer,7,good,False,high,0.93,31
Pune,low,summer,4,average,False,medium,0.61,20
Kolkata,high,winter,10,poor,False,low,0.65,36
Mumbai,critical,spring,11,average,False,low,0.48,41
Bhubaneswar,high,monsoon,8,poor,True,medium,0.6,65
Delhi,medium,monsoon,9,good,False,high,0.42,35
Nagpur,medium,spring,6,poor,True,low,0.48,34
Kolkata,high,monsoon,9,poor,False,high,0.51,50
Delhi,medium,spring,6,good,False,low,0.54,21
Bengaluru,medium,summer,8,good,False,low,0.95,26
Bengaluru,medium,monsoon,4,good,False,medium,0.5,30
Nagpur,medium,monsoon,8,poor,True,high,0.33,55
Pune,low,summer,8,average,False,medium,0.69,21
Kolkata,high,monsoon,8,poor,False,high,0.83,50
Mumbai,critical,winter,13,average,False,high,0.67,47
Kolkata,high,winter,9,poor,False,high,0.68,44
Bengaluru,medium,monsoon,6,good,False,medium,0.45,31
Bhubaneswar,high,monsoon,9,poor,True,medium,0.76,65
Nagpur,medium,summer,6,poor,True,medium,0.51,42
Nagpur,medium,winter,8,poor,True,low,0.51,31
Delhi,medium,monsoon,6,good,False,high,0.95,37
Hyderabad,low,winter,6,average,False,high,0.37,20
Patna,critical,spring,11,poor,True,medium,0.9,65
Patna,critical,monsoon,12,poor,True,medium,0.47,65
Hyderabad,low,spring,3,average,False,low,0.35,20
Mumbai,critical,monsoon,13,average,False,high,0.72,50
Bhubaneswar,high,monsoon,12,poor,True,high,0.97,65
Bengaluru,medium,spring,5,good,False,low,0.95,23
Nagpur,medium,spring,8,poor,True,high,0.69,44
Patna,critical,summer,11,poor,True,high,0.47,65
Delhi,medium,spring,6,good,False,medium,0.38,23
Mumbai,critical,summer,13,average,False,medium,1.0,50
Hyderabad,low,summer,6,average,False,low,0.99,20
Patna,critical,summer,10,poor,True,medium,0.69,65
Patna,critical,winter,13,poor,True,high,0.42,65
Kolkata,high,winter,9,poor,False,low,0.63,35
Chennai,high,summer,9,average,False,medium,0.35,39
Delhi,medium,summer,10,good,False,medium,0.98,30
Bengaluru,medium,summer,5,good,False,high,0.91,31
Kolkata,high,spring,10,poor,False,medium,0.82,45
Delhi,medium,monsoon,7,good,False,low,0.55,28
Pune,low,summer,4,average,False,low,0.52,20
Bengaluru,medium,monsoon,4,good,False,medium,0.86,32
Chennai,high,monsoon,11,average,False,medium,0.51,48
Chennai,high,summer,7,average,False,high,0.63,44
Chennai,high,spring,11,average,False,low,0.4,32
Delhi,medium,summer,8,good,False,medium,0.56,27
Chennai,high,winter,7,average,False,medium,0.88,34
Delhi,medium,summer,6,good,False,low,0.86,25
Patna,critical,monsoon,14,poor,True,high,0.46,65
Kolkata,high,monsoon,8,poor,False,low,0.8,50
Pune,low,spring,5,average,False,medium,0.98,20
Kolkata,high,monsoon,9,poor,False,medium,0.34,50
Bhubaneswar,high,spring,11,poor,True,high,0.58,59
Delhi,medium,summer,10,good,False,medium,0.93,29
Delhi,medium,winter,8,good,False,low,0.41,20
Bengaluru,medium,spring,8,good,False,medium,0.42,24
Bhubaneswar,high,monsoon,9,poor,True,medium,0.94,65
Mumbai,critical,winter,10,average,False,low,0.61,37
Kolkata,high,monsoon,11,poor,False,medium,0.6,50
Pune,low,summer,6,average,False,high,0.72,22
Kolkata,high,winter,12,poor,False,low,0.81,37
Patna,critical,spring,12,poor,True,low,0.35,58
Kolkata,high,summer,10,poor,False,low,0.35,42
Patna,critical,spring,14,poor,True,high,0.43,65
Patna,critical,spring,14,poor,True,low,0.6,60
Hyderabad,low,spring,4,average,False,low,0.6,20
Delhi,medium,monsoon,7,good,False,high,0.84,36
Patna,critical,monsoon,13,poor,True,low,0.9,65
Kolkata,high,spring,12,poor,False,high,0.4,49
Delhi,medium,winter,10,good,False,high,0.93,27
Delhi,medium,spring,7,good,False,high,0.93,29
Bhubaneswar,high,spring,9,poor,True,medium,0.52,52
Patna,critical,winter,14,poor,True,low,0.9,56
Nagpur,medium,winter,7,poor,True,low,0.84,32
Kolkata,high,summer,11,poor,False,high,0.86,50
Patna,critical,monsoon,14,poor,True,high,0.34,65
Bengaluru,medium,winter,8,good,False,low,0.57,20
Bengaluru,medium,spring,7,good,False,low,0.67,22
Kolkata,high,winter,11,poor,False,low,0.45,35
Bengaluru,medium,spring,7,good,False,low,0.33,20
Patna,critical,spring,13,poor,True,high,0.79,65
Bhubaneswar,high,monsoon,9,poor,True,high,0.66,65
Bhubaneswar,high,winter,10,poor,True,high,0.63,53
Bhubaneswar,high,spring,12,poor,True,medium,0.65,54
Kolkata,high,summer,9,poor,False,high,0.91,50
Bengaluru,medium,winter,4,good,False,high,0.92,25
Delhi,medium,summer,8,good,False,low,0.63,24
Bengaluru,medium,spring,6,good,False,high,0.5,26
Chennai,high,winter,7,average,False,medium,0.97,34
Delhi,medium,winter,9,good,False,medium,0.78,23
Chennai,high,summer,10,average,False,medium,0.72,41
Kolkata,high,monsoon,8,poor,False,medium,0.5,50
Patna,critical,spring,10,poor,True,low,0.44,58
Bengaluru,medium,summer,4,good,False,medium,0.53,26
Patna,critical,winter,14,poor,True,low,0.33,53
Nagpur,medium,spring,9,poor,True,high,0.47,43
Kolkata,high,winter,11,poor,False,medium,0.58,40
Delhi,medium,winter,7,good,False,high,0.87,26
Chennai,high,winter,7,average,False,low,0.57,29
Hyderabad,low,winter,5,average,False,high,0.57,20
Mumbai,critical,winter,13,average,False,low,0.47,37
Bengaluru,medium,summer,6,good,False,high,0.86,31
Pune,low,monsoon,5,average,False,low,0.65,21
Hyderabad,low,spring,3,average,False,high,0.35,20
Mumbai,critical,spring,12,average,False,high,0.69,50
Chennai,high,monsoon,9,average,False,high,0.79,50
Pune,low,summer,6,average,False,medium,0.73,20
Nagpur,medium,spring,7,poor,True,high,0.5,43
Bengaluru,medium,monsoon,4,good,False,high,0.61,34
Delhi,medium,monsoon,9,good,False,high,0.9,37
Patna,critical,spring,14,poor,True,high,0.65,65
Patna,critical,monsoon,11,poor,True,medium,0.35,65
Mumbai,critical,spring,9,average,False,medium,0.44,45
Patna,critical,winter,14,poor,True,high,0.51,65
Mumbai,critical,winter,9,average,False,medium,0.62,41
Chennai,high,monsoon,7,average,False,medium,0.94,49
Bhubaneswar,high,winter,11,poor,True,medium,0.74,49
Pune,low,winter,6,average,False,medium,0.47,20
Bhubaneswar,high,winter,8,poor,True,low,0.74,43
Hyderabad,low,monsoon,7,average,False,high,0.34,25
Chennai,high,summer,8,average,False,high,0.31,43
Bengaluru,medium,winter,8,good,False,medium,0.75,23
Nagpur,medium,summer,7,poor,True,low,0.5,38
Bhubaneswar,high,summer,10,poor,True,high,0.95,65
Chennai,high,summer,10,average,False,medium,0.71,41
Delhi,medium,winter,6,good,False,medium,0.31,20
Hyderabad,low,monsoon,6,average,False,low,0.73,21
Bengaluru,medium,winter,5,good,False,high,0.47,23
Pune,low,spring,8,average,False,low,0.37,20
Hyderabad,low,spring,7,average,False,low,0.35,20
Bhubaneswar,high,summer,11,poor,True,low,0.94,54
Nagpur,medium,spring,7,poor,True,medium,0.36,38
Chennai,high,spring,7,average,False,high,0.53,40
Delhi,medium,winter,7,good,False,medium,0.69,22
Pune,low,winter,5,average,False,low,0.91,20
Patna,critical,winter,10,poor,True,high,0.84,65
Mumbai,critical,summer,13,average,False,low,0.49,45
Patna,critical,winter,14,poor,True,high,0.73,65
Bengaluru,medium,winter,4,good,False,low,0.5,20
Delhi,medium,spring,8,good,False,low,0.52,22
Kolkata,high,spring,8,poor,False,high,0.82,50
Kolkata,high,monsoon,9,poor,False,high,0.79,50
Patna,critical,spring,12,poor,True,high,0.9,65
Kolkata,high,monsoon,11,poor,False,medium,0.47,50
Mumbai,critical,winter,13,average,False,low,0.55,38
Nagpur,medium,monsoon,9,poor,True,medium,0.84,52
Bengaluru,medium,monsoon,8,good,False,high,0.99,37
Bengaluru,medium,monsoon,4,good,False,low,0.63,27
Delhi,medium,summer,6,good,False,high,0.48,29
Nagpur,medium,winter,7,poor,True,high,0.83,40
Chennai,high,summer,9,average,False,low,0.48,35
Hyderabad,low,winter,4,average,False,low,0.56,20
Bhubaneswar,high,winter,9,poor,True,medium,0.38,46
Patna,critical,winter,14,poor,True,low,0.61,54
Mumbai,critical,winter,12,average,False,medium,0.96,44
Delhi,medium,summer,10,good,False,medium,0.4,27
Bengaluru,medium,winter,6,good,False,high,0.8,25
Bengaluru,medium,winter,6,good,False,low,0.96,21
Bhubaneswar,high,monsoon,11,poor,True,high,0.9,65
Bengaluru,medium,summer,5,good,False,low,0.31,22
Pune,low,spring,5,average,False,high,0.92,21
Patna,critical,winter,11,poor,True,high,0.6,65
Nagpur,medium,monsoon,8,poor,True,medium,0.79,52
Hyderabad,low,monsoon,5,average,False,low,0.9,22
Bhubaneswar,high,summer,11,poor,True,high,0.61,65
Delhi,medium,monsoon,8,good,False,medium,0.58,32
Chennai,high,spring,8,average,False,high,0.61,40
Kolkata,high,summer,12,poor,False,medium,0.86,50
Kolkata,high,summer,10,poor,False,medium,0.61,49
Bhubaneswar,high,summer,9,poor,True,medium,0.4,57
Bhubaneswar,high,spring,9,poor,True,medium,0.76,53
Hyderabad,low,spring,7,average,False,high,0.99,22
Chennai,high,monsoon,7,average,False,medium,0.37,46
Chennai,high,summer,7,average,False,medium,0.9,41
Nagpur,medium,summer,5,poor,True,high,0.97,49
Kolkata,high,summer,8,poor,False,high,0.75,50
Bhubaneswar,high,monsoon,10,poor,True,high,0.76,65
Delhi,medium,monsoon,6,good,False,high,0.6,35
Bengaluru,medium,summer,4,good,False,high,0.33,28
Bengaluru,medium,monsoon,6,good,False,low,0.51,27
Bengaluru,medium,summer,5,good,False,high,0.98,31
Chennai,high,spring,9,average,False,low,0.3,31
Nagpur,medium,summer,6,poor,True,high,0.52,47
Patna,critical,monsoon,13,poor,True,high,0.73,65
Mumbai,critical,winter,10,average,False,high,0.82,47
Patna,critical,winter,14,poor,True,low,0.66,54
Hyderabad,low,monsoon,6,average,False,low,0.44,20
Patna,critical,winter,12,poor,True,medium,0.79,61
Chennai,high,summer,9,average,False,medium,0.39,39
Kolkata,high,monsoon,12,poor,False,low,0.84,50
Hyderabad,low,monsoon,3,average,False,low,0.65,20
Hyderabad,low,monsoon,3,average,False,low,0.99,22
Bhubaneswar,high,monsoon,9,poor,True,low,0.79,62
Chennai,high,spring,10,average,False,low,0.89,34
Chennai,high,spring,11,average,False,high,0.9,43
Delhi,medium,monsoon,9,good,False,low,0.6,29
Patna,critical,summer,12,poor,True,medium,0.58,65
Mumbai,critical,winter,9,average,False,low,0.6,37
Nagpur,medium,monsoon,6,poor,True,high,0.69,56
Delhi,medium,monsoon,8,good,False,low,0.37,27
Chennai,high,monsoon,11,average,False,medium,0.71,49
Hyderabad,low,winter,5,average,False,high,0.93,20
Kolkata,high,winter,8,poor,False,high,0.35,42
Pune,low,monsoon,8,average,False,low,0.45,20
Bengaluru,medium,winter,5,good,False,low,0.35,20
Pune,low,monsoon,7,average,False,low,0.55,21
Chennai,high,summer,9,average,False,high,0.78,46
Bengaluru,medium,winter,8,good,False,high,0.36,24
Bhubaneswar,high,spring,12,poor,True,medium,0.76,54
Bengaluru,medium,winter,8,good,False,low,0.37,20
Mumbai,critical,monsoon,10,average,False,low,0.5,50
Mumbai,critical,spring,13,average,False,medium,0.45,46
Chennai,high,winter,9,average,False,high,0.9,38
Patna,critical,summer,13,poor,True,high,0.94,65
Bhubaneswar,high,spring,8,poor,True,medium,0.83,53
Chennai,high,monsoon,9,average,False,low,0.69,43
Pune,low,spring,8,average,False,high,0.38,20
Hyderabad,low,monsoon,3,average,False,medium,0.49,22
Nagpur,medium,winter,5,poor,True,high,1.0,40
Mumbai,critical,summer,12,average,False,high,0.52,50
Chennai,high,monsoon,7,average,False,high,0.33,50
Chennai,high,summer,7,average,False,low,0.88,37
Pune,low,summer,4,average,False,high,0.54,21
Patna,critical,spring,10,poor,True,high,0.9,65
Nagpur,medium,monsoon,5,poor,True,low,0.31,43
Delhi,medium,spring,7,good,False,high,0.61,27
Pune,low,summer,8,average,False,high,0.91,24
Nagpur,medium,summer,7,poor,True,high,0.87,49
Nagpur,medium,winter,9,poor,True,high,0.42,39
Delhi,medium,spring,10,good,False,low,0.65,23
Chennai,high,spring,11,average,False,low,0.68,34
Delhi,medium,summer,6,good,False,high,0.39,28
Delhi,medium,monsoon,7,good,False,high,0.59,35
Kolkata,high,spring,9,poor,False,high,0.95,50
Bengaluru,medium,spring,8,good,False,high,0.32,26
Bhubaneswar,high,winter,9,poor,True,medium,0.54,47
Bhubaneswar,high,spring,8,poor,True,medium,0.85,53
Mumbai,critical,monsoon,9,average,False,medium,0.69,50
Nagpur,medium,monsoon,9,poor,True,low,0.81,47
Delhi,medium,spring,6,good,False,high,0.6,27
